Date,Home Team,Home Score,Away Team,Away Score
2014-08-21,Union,2,Ava,1
2014-08-21,Crystal City,0,Bismarck,0
2014-08-21,Fairfax,0,Nodaway-Holt,2
2014-08-22,Belle,2,Chamois,0
2014-08-22,Senath-Hornersville,1,Clarkton,2
2014-08-22,Parkway West,1,Cor Jesu Academy,2
2014-08-22,Hazelwood West,0,Ft. Zumwalt South,2
2014-08-22,Waynesville,0,Glendale,2
2014-08-22,Cleveland NJROTC,0,Hancock,2
2014-08-22,Central (Springfield),2,Hillcrest,0
2014-08-22,St. Joseph's Academy,2,Jefferson City,0
2014-08-22,Pattonville,2,Ladue Horton Watkins,1
2014-08-22,Washington,0,Marquette,2
2014-08-22,Advance,2,Meadow Heights,0
2014-08-22,Francis Howell,2,Oakville,0
2014-08-22,Parkway Central,2,Parkway South,0
2014-08-22,Oran,0,Saxony Lutheran,2
2014-08-22,Barat Academy,0,Ursuline Academy,2
2014-08-22,Bunker,0,Valley,2
2014-08-22,McCluer North,0,Webster Groves,2
2014-08-22,St. Paul Lutheran (Farmington),0,West County,3
2014-08-22,Central (Cape Girardeau),0,Woodland,2
2014-08-23,Poplar Bluff,0,Affton,2
2014-08-23,Webb City,1,Affton,1
2014-08-23,Mehlville,0,Affton,2
2014-08-23,Jefferson (Festus),1,Affton,1
2014-08-23,Windsor (Imperial),2,Affton,0
2014-08-23,Poplar Bluff,2,Clayton,0
2014-08-23,Webb City,0,Clayton,2
2014-08-23,St. Pius X (Festus),2,Clayton,0
2014-08-23,Mehlville,2,Clayton,0
2014-08-23,Windsor (Imperial),2,Clayton,0
2014-08-23,St. Joseph's Academy,2,Jefferson City,0
2014-08-23,Poplar Bluff,1,Mehlville,1
2014-08-23,St. Pius X (Festus),2,Mehlville,0
2014-08-23,Jefferson (Festus),0,Mehlville,2
2014-08-23,St. Pius X (Festus),2,Poplar Bluff,0
2014-08-23,Jefferson (Festus),0,Poplar Bluff,2
2014-08-23,Jefferson (Festus),2,Webb City,0
2014-08-23,Windsor (Imperial),2,Webb City,0
2014-08-23,St. Pius X (Festus),2,Webb City,0
2014-08-23,St. Pius X (Festus),2,Windsor (Imperial),0
2014-08-23,Jefferson (Festus),0,Windsor (Imperial),2
2014-08-25,Fox,0,Affton,2
2014-08-25,Union,2,Ava,1
2014-08-25,Zalma,1,Bell City,1
2014-08-25,Meadow Heights,2,Bell City,0
2014-08-25,Oak Ridge,1,Bell City,1
2014-08-25,Lebanon,1,Branson,2
2014-08-25,Maplewood-Richmond Hts.,0,Brentwood,2
2014-08-25,Thomas Jefferson Independent Day,2,Bronaugh,1
2014-08-25,Otterville,2,Bunceton,0
2014-08-25,Bolivar,0,Camdenton,2
2014-08-25,Portageville,2,Campbell,0
2014-08-25,Odessa,2,Center,0
2014-08-25,Sikeston,0,Central (Cape Girardeau),2
2014-08-25,Holcomb,0,Central (New Madrid County),2
2014-08-25,Staley,2,Central (St. Joseph),0
2014-08-25,Warsaw,0,Clinton,2
2014-08-25,Farmington,2,Dexter,0
2014-08-25,Waynesville,2,Dixon,0
2014-08-25,Rock Port,2,Fairfax,0
2014-08-25,Holt,0,Francis Howell Central,2
2014-08-25,Sacred Heart,2,Hallsville,0
2014-08-25,Fatima,2,Hickman,0
2014-08-25,Potosi,1,Hillsboro,2
2014-08-25,Savannah,2,Jefferson City,1
2014-08-25,Parkway Central,0,Kirkwood,2
2014-08-25,Raymore-Peculiar,0,Lee's Summit North,2
2014-08-25,Valley,1,Lesterville,2
2014-08-25,Cuba,1,Linn,2
2014-08-25,Metro,0,Lutheran North,2
2014-08-25,Zalma,0,Meadow Heights,2
2014-08-25,Oak Ridge,0,Meadow Heights,2
2014-08-25,Carthage,2,Monett,0
2014-08-25,Hermann,2,Montgomery County,0
2014-08-25,Conway,0,Mountain Grove,2
2014-08-25,Fordland,2,Niangua,0
2014-08-25,Webster Groves,0,Northwest (Cedar Hill),2
2014-08-25,Zalma,1,Oak Ridge,1
2014-08-25,Oak Grove,0,O'Hara,2
2014-08-25,Lee's Summit,2,Park Hill,0
2014-08-25,Rockwood Summit,0,Parkway West,2
2014-08-25,Billings,2,Pierce City,0
2014-08-25,South Iron,1,Poplar Bluff,3
2014-08-25,Lee's Summit West,2,Raytown,0
2014-08-25,Windsor,2,Skyline,1
2014-08-25,Mexico,0,Southern Boone,2
2014-08-25,Caruthersville,2,Sweet Springs,1
2014-08-25,Warsaw,2,St. James,0
2014-08-25,Festus,0,Ste. Genevieve,2
2014-08-25,Cameron,2,Trenton,0
2014-08-25,Bowling Green,0,Winfield,2
2014-08-26,Saxony Lutheran,1,Advance,1
2014-08-26,Leopold,2,Advance,0
2014-08-26,Woodland,0,Advance,2
2014-08-26,Central (Park Hills),2,Arcadia Valley,1
2014-08-26,Springfield Catholic,1,Ava,2
2014-08-26,Archie,2,Ballard,0
2014-08-26,Jennings,0,Bayless,2
2014-08-26,Maplewood-Richmond Hts.,0,Bayless,2
2014-08-26,Crossroads College Preparatory,1,Bayless,1
2014-08-26,Oak Ridge,1,Bell City,1
2014-08-26,Calvary Lutheran,1,Belle,2
2014-08-26,Grain Valley,2,Benton,0
2014-08-26,Sikeston,0,Bernie,2
2014-08-26,MICDS,2,Bishop DuBourg,0
2014-08-26,DeSoto,1,Bismarck,2
2014-08-26,Greenville,0,Bloomfield,2
2014-08-26,Owensville,2,Bourbon,0
2014-08-26,Galena,2,Bradleyville,0
2014-08-26,Liberal,2,Bronaugh,0
2014-08-26,Willard,2,Buffalo,1
2014-08-26,El Dorado Springs,2,Butler,0
2014-08-26,Fordland,0,Cabool,2
2014-08-26,Eldon,0,Camdenton,2
2014-08-26,Santa Fe,2,Carrollton,0
2014-08-26,Charleston,0,Caruthersville,2
2014-08-26,Blue Eye,2,Cassville,1
2014-08-26,University Academy Charter,0,Center,2
2014-08-26,Parkview,0,Central (Springfield),2
2014-08-26,Fatima,2,Chamois,0
2014-08-26,Eminence,2,Clearwater,0
2014-08-26,Marionville,0,Clever,2
2014-08-26,Holden,0,Cole Camp,2
2014-08-26,Lexington,0,Concordia,2
2014-08-26,Clarkton,2,Cooter,0
2014-08-26,New Haven,2,Cuba,0
2014-08-26,Risco,0,Delta (Deering),2
2014-08-26,Lakeland,0,Drexel,2
2014-08-26,Versailles,2,East (Kansas City),0
2014-08-26,Maryville,2,East Buchanan,0
2014-08-26,St. Joseph Christian,1,Fairfax,1
2014-08-26,Pacific,1,Farmington,2
2014-08-26,Union,2,Forsyth,0
2014-08-26,Oakville,2,Fox,0
2014-08-26,Washington,0,Francis Howell Central,2
2014-08-26,Parkway North,2,Ft. Zumwalt East,1
2014-08-26,Winfield,2,Ft. Zumwalt South,0
2014-08-26,Holt,1,Ft. Zumwalt West,2
2014-08-26,Centralia,2,Fulton,0
2014-08-26,Central (New Madrid County),0,Gideon,2
2014-08-26,Sheldon,0,Golden City,2
2014-08-26,Seneca,2,Grandview (Hillsboro),1
2014-08-26,Sarcoxie,2,Hallsville,0
2014-08-26,Valley Park,0,Hancock,2
2014-08-26,Principia,2,Hancock,0
2014-08-26,Hickman,0,Hannibal,2
2014-08-26,Malden,2,Hayti,0
2014-08-26,John Burroughs,2,Hazelwood Central,1
2014-08-26,Waynesville,0,Helias Catholic,2
2014-08-26,Fredericktown,2,Herculaneum,0
2014-08-26,Willow Springs,0,Hillcrest,2
2014-08-26,Branson,2,Hollister,1
2014-08-26,Parkway South,0,Incarnate Word Academy,2
2014-08-26,Seckman,0,Jefferson (Festus),2
2014-08-26,Rock Bridge,2,Jefferson City,0
2014-08-26,Maplewood-Richmond Hts.,2,Jennings,0
2014-08-26,Crossroads College Preparatory,2,Jennings,0
2014-08-26,Carl Junction,2,Joplin,0
2014-08-26,Dexter,2,Kennett,0
2014-08-26,Logan-Rogersville,2,Kickapoo,1
2014-08-26,Marshall,2,Kirksville,0
2014-08-26,St. Paul Lutheran (Concordia),2,Knob Noster,0
2014-08-26,Marshfield,0,Lebanon,2
2014-08-26,Saxony Lutheran,1,Leopold,1
2014-08-26,Woodland,1,Leopold,1
2014-08-26,Oak Park,0,Liberty,2
2014-08-26,Orchard Farm,2,Liberty (Wentzville),0
2014-08-26,Houston,0,Licking,2
2014-08-26,Cor Jesu Academy,2,Lindbergh,1
2014-08-26,Blair Oaks,2,Linn,0
2014-08-26,Everton,0,Lockwood,2
2014-08-26,Midway,2,Lone Jack,0
2014-08-26,Crossroads College Preparatory,1,Maplewood-Richmond Hts.,1
2014-08-26,Ritenour,0,McCluer North,1
2014-08-26,Jasper,0,McDonald County,2
2014-08-26,Oak Ridge,0,Meadow Heights,2
2014-08-26,Hancock,1,Metro,1
2014-08-26,Principia,2,Metro,0
2014-08-26,Valley Park,0,Metro,2
2014-08-26,Notre Dame de Sion,2,Metro,0
2014-08-26,Rich Hill,2,Miami (Amoret),0
2014-08-26,Bishop LeBlond,2,Mid-Buchanan,1
2014-08-26,Ash Grove,2,Miller,0
2014-08-26,Diamond,2,Monett,1
2014-08-26,Aurora,2,Neosho,0
2014-08-26,School of the Ozarks,2,Niangua,0
2014-08-26,Winnetonka,0,North Kansas City,2
2014-08-26,St. James,1,North Platte,2
2014-08-26,Lincoln College Prep,2,Northeast (Kansas City),0
2014-08-26,Lutheran St. Charles,2,Notre Dame (St. Louis),0
2014-08-26,Lafayette County,0,Oak Grove,2
2014-08-26,Zalma,1,Oak Ridge,1
2014-08-26,Willard,2,Osage,0
2014-08-26,Warsaw,0,Osceola,2
2014-08-26,Glendale,0,Ozark,2
2014-08-26,Lee's Summit North,2,Park Hill South,0
2014-08-26,Francis Howell North,1,Pattonville,2
2014-08-26,Notre Dame de Sion,2,Pembroke Hill,0
2014-08-26,Crane,2,Pierce City,1
2014-08-26,Tarkio,1,Potosi,2
2014-08-26,East Newton,2,Purdy,0
2014-08-26,Poplar Bluff,2,Puxico,0
2014-08-26,Raytown South,1,Raytown,2
2014-08-26,Mt. Vernon,2,Reeds Spring,0
2014-08-26,St. Clair,0,Richland (Essex),1
2014-08-26,Excelsior Springs,2,Richmond,0
2014-08-26,Grandview,2,Ruskin,0
2014-08-26,Father Tolton,0,Sacred Heart,2
2014-08-26,St. James,2,Salem,1
2014-08-26,Portageville,2,Senath-Hornersville,0
2014-08-26,Crest Ridge,2,Smithton,0
2014-08-26,North County,3,South Iron,0
2014-08-26,North Pemiscot,1,Summersville,2
2014-08-26,Tipton,0,Southern Boone,2
2014-08-26,Winona,2,Spokane,0
2014-08-26,Ft. Zumwalt North,2,St. Charles,1
2014-08-26,Cardinal Ritter,0,St. Joseph's Academy,2
2014-08-26,Lafayette (Wildwood),1,St. Joseph's Academy,2
2014-08-26,Duchesne,1,St. Pius X (Festus),2
2014-08-26,Sparta,0,St. Pius X (Kansas City),2
2014-08-26,Blue Springs South,0,St. Teresa's Academy,2
2014-08-26,Jackson,0,St. Vincent,2
2014-08-26,Kearney,2,Staley,0
2014-08-26,Crystal City,0,Ste. Genevieve,2
2014-08-26,Pleasant Hill,2,Summit Christian Academy,0
2014-08-26,Northwest (Hughesville),1,Sweet Springs,2
2014-08-26,St. Charles West,0,Timberland,2
2014-08-26,Lawson,2,Trenton,0
2014-08-26,Fort Osage,0,St. Charles,2
2014-08-26,Principia,2,Valley Park,0
2014-08-26,Hurley,2,Verona,0
2014-08-26,Clinton,1,Versailles,2
2014-08-26,Kingston,0,Viburnum,2
2014-08-26,Odessa,0,Warrensburg,2
2014-08-26,Bowling Green,0,Warrenton,2
2014-08-26,Ellington,0,West County,2
2014-08-26,Winona,0,West Plains,2
2014-08-26,Savannah,2,West Platte,0
2014-08-26,John F. Kennedy,0,Whitfield,2
2014-08-26,Belton,0,William Chrisman,2
2014-08-26,Saxony Lutheran,0,Woodland,2
2014-08-27,Notre Dame de Sion,3,Barstow,0
2014-08-27,Valley Park,0,Bayless,2
2014-08-27,Jennings,0,Brentwood,2
2014-08-27,Rockwood Summit,0,Eureka,2
2014-08-27,Lathrop,0,Excelsior Springs,2
2014-08-27,Crossroads College Preparatory,2,Hancock,0
2014-08-27,Principia,2,Jennings,0
2014-08-27,Hancock,2,Jennings,0
2014-08-27,Marquette,0,Kirkwood,2
2014-08-27,Parkway West,0,Lafayette (Wildwood),2
2014-08-27,Park Hill South,1,Lee's Summit,2
2014-08-27,Metro,0,Maplewood-Richmond Hts.,2
2014-08-27,Webster Groves,2,Mehlville,0
2014-08-27,Valley Park,1,Metro,2
2014-08-27,Warrenton,2,Montgomery County,1
2014-08-27,Kennett,2,Oran,0
2014-08-27,Platte County,2,Park Hill,0
2014-08-27,Hazelwood West,0,Parkway Central,2
2014-08-27,Northwest (Cedar Hill),2,Parkway North,0
2014-08-27,Hazelwood Central,0,Pattonville,2
2014-08-27,St. Charles West,0,Timberland,2
2014-08-27,Hannibal,0,Troy Buchanan,2
2014-08-27,Lindbergh,0,Ursuline Academy,2
2014-08-27,St. Pius X (Festus),2,Valle Catholic,0
2014-08-27,Barat Academy,1,Veritas Christian Academy,2
2014-08-27,Nerinx Hall,2,Visitation Academy,0
2014-08-28,Oak Ridge,0,Advance,2
2014-08-28,Lesterville,0,Arcadia Valley,2
2014-08-28,Springfield Catholic,1,Aurora,2
2014-08-28,Maplewood-Richmond Hts.,0,Bayless,2
2014-08-28,Principia,2,Bayless,0
2014-08-28,Woodland,2,Bell City,0
2014-08-28,Rock Port,0,Benton,2
2014-08-28,Nodaway-Holt,0,Benton,2
2014-08-28,Veritas Christian Academy,0,Bishop DuBourg,2
2014-08-28,Purdy,2,Blue Eye,1
2014-08-28,Clinton,1,Bolivar,2
2014-08-28,California,0,Boonville,2
2014-08-28,Kingston,2,Bourbon,0
2014-08-28,Buffalo,0,Branson,2
2014-08-28,Salem,0,Bunker,2
2014-08-28,Cooter,0,Campbell,2
2014-08-28,Trinity Catholic,2,Cardinal Ritter,0
2014-08-28,Wellington-Napoleon,2,Carrollton,0
2014-08-28,Sparta,2,Center,0
2014-08-28,Valle Catholic,0,Central (Park Hills),2
2014-08-28,Monett,0,Central (Springfield),2
2014-08-28,Brookfield,0,Centralia,2
2014-08-28,Miami (Amoret),2,Chilhowee,1
2014-08-28,Ellington,0,Clearwater,2
2014-08-28,Smithton,0,Concordia,2
2014-08-28,Visitation Academy,0,Cor Jesu Academy,2
2014-08-28,Sacred Heart,2,Crest Ridge,1
2014-08-28,Principia,2,Crossroads College Preparatory,0
2014-08-28,Bismarck,2,Crystal City,0
2014-08-28,Houston,2,Cuba,1
2014-08-28,North County,2,DeSoto,1
2014-08-28,Wheaton,0,Diamond,2
2014-08-28,St. Dominic,0,Duchesne,2
2014-08-28,Carthage,2,El Dorado Springs,0
2014-08-28,Viburnum,2,Eminence,0
2014-08-28,Clever,1,Fair Grove,2
2014-08-28,Eugene,0,Father Tolton,2
2014-08-28,Helias Catholic,2,Fatima,0
2014-08-28,Fox,2,Festus,0
2014-08-28,Crane,2,Fordland,0
2014-08-28,Winona,2,Forsyth,0
2014-08-28,Raytown South,0,Fort Osage,2
2014-08-28,Timberland,0,Francis Howell,2
2014-08-28,Holt,0,Ft. Zumwalt East,2
2014-08-28,Francis Howell North,2,Ft. Zumwalt West,0
2014-08-28,Nixa,2,Glendale,0
2014-08-28,Verona,2,Golden City,1
2014-08-28,Warrensburg,0,Grain Valley,2
2014-08-28,William Chrisman,2,Grandview,0
2014-08-28,Ash Grove,2,Greenfield,1
2014-08-28,Willard,2,Hillcrest,0
2014-08-28,Grandview (Hillsboro),0,Hillsboro,2
2014-08-28,Sweet Springs,0,Holcomb,2
2014-08-28,Pleasant Hill,2,Holden,0
2014-08-28,Dexter,2,Jackson,0
2014-08-28,McAuley Catholic,0,Jasper,2
2014-08-28,Hermann,0,Jefferson City,2
2014-08-28,Lutheran St. Charles,2,John F. Kennedy,0
2014-08-28,Charleston,0,Kennett,2
2014-08-28,Sherwood,1,Knob Noster,2
2014-08-28,St. Paul Lutheran (Concordia),2,Lafayette County,0
2014-08-28,Green Ridge,2,Lakeland,0
2014-08-28,Stockton,1,Lamar,2
2014-08-28,Cameron,0,Lawson,2
2014-08-28,Winnetonka,0,Lee's Summit,2
2014-08-28,Staley,1,Lee's Summit North,2
2014-08-28,Zalma,0,Leopold,2
2014-08-28,Kearney,0,Liberty,2
2014-08-28,Central (St. Joseph),2,Liberty North,0
2014-08-28,Skyline,2,Lincoln,0
2014-08-28,New Heights Christian,1,Lockwood,2
2014-08-28,Mountain Grove,0,Logan-Rogersville,2
2014-08-28,John Burroughs,2,Lutheran North,0
2014-08-28,St. Pius X (Festus),2,Lutheran South,0
2014-08-28,Crossroads College Preparatory,2,Maplewood-Richmond Hts.,0
2014-08-28,Parkway Central,0,Marquette,2
2014-08-28,Fulton,1,Marshall,2
2014-08-28,Waynesville,2,Marshfield,0
2014-08-28,East Newton,2,McDonald County,1
2014-08-28,Saxony Lutheran,2,Meadow Heights,1
2014-08-28,Hancock,0,Metro,2
2014-08-28,Kirksville,0,Mexico,2
2014-08-28,Butler,0,Midway,2
2014-08-28,Thomas Jefferson Independent Day,0,Miller,2
2014-08-28,Hollister,0,Mt. Vernon,2
2014-08-28,Joplin,0,Neosho,0
2014-08-28,Parkway South,0,Nerinx Hall,2
2014-08-28,Harrisonville,0,Nevada,2
2014-08-28,Belle,0,New Haven,2
2014-08-28,Rock Port,1,Nodaway-Holt,1
2014-08-28,Montgomery County,2,North Callaway,0
2014-08-28,Bishop LeBlond,1,North Platte,2
2014-08-28,Farmington,2,Notre Dame (Cape Girardeau),1
2014-08-28,Blue Springs,2,Oak Park,1
2014-08-28,Savannah,2,Odessa,0
2014-08-28,Whitfield,2,Orchard Farm,0
2014-08-28,West Platte,2,Orrick,0
2014-08-28,Blair Oaks,2,Osage,0
2014-08-28,Northwest (Hughesville),2,Otterville,0
2014-08-28,Linn,0,Owensville,2
2014-08-28,Webb City,2,Parkview,0
2014-08-28,Central (Cape Girardeau),0,Perryville,2
2014-08-28,Sarcoxie,0,Pierce City,2
2014-08-28,Penney,0,Plattsburg,2
2014-08-28,Everton,2,Pleasant Hope,0
2014-08-28,Belton,0,Raymore-Peculiar,2
2014-08-28,St. Charles,2,Raytown,0
2014-08-28,Carl Junction,2,Republic,0
2014-08-28,Lutheran (Kansas City),2,Rich Hill,0
2014-08-28,Gideon,2,Richland (Essex),0
2014-08-28,Oak Grove,2,Richmond,0
2014-08-28,Clayton,0,Ritenour,2
2014-08-28,Hickman,0,Rolla,2
2014-08-28,North Kansas City,2,Ruskin,0
2014-08-28,Lexington,0,Santa Fe,2
2014-08-28,Excelsior Springs,0,Savannah,2
2014-08-28,Bradleyville,0,School of the Ozarks,2
2014-08-28,Pacific,2,Seckman,1
2014-08-28,Reeds Spring,1,Seneca,2
2014-08-28,Bronaugh,2,Sheldon,0
2014-08-28,Fredericktown,2,South Iron,3
2014-08-28,Malden,2,Summersville,1
2014-08-28,Ava,2,Spokane,0
2014-08-28,Potosi,2,St. Clair,0
2014-08-28,Notre Dame (St. Louis),0,St. Joseph's Academy,2
2014-08-28,Pembroke Hill,0,St. Pius X (Kansas City),2
2014-08-28,O'Hara,2,Summit Christian Academy,0
2014-08-28,Wright City,2,Thayer,0
2014-08-28,Versailles,2,Tipton,0
2014-08-28,Chillicothe,2,Trenton,0
2014-08-28,Francis Howell Central,2,Troy Buchanan,0
2014-08-28,Battle,0,Tarkio,2
2014-08-28,Barstow,2,University Academy Charter,0
2014-08-28,Lone Jack,2,Versailles,0
2014-08-28,St. Charles West,2,Warrenton,1
2014-08-28,Eldon,2,Warsaw,0
2014-08-28,Ft. Zumwalt South,0,Washington,2
2014-08-28,Springfield Catholic,0,Westminster Christian Academy,2
2014-08-28,Liberty (Mountain View),2,Willow Springs,0
2014-08-28,Kingsville,0,Windsor,2
2014-08-28,St. Charles,0,Winfield,2
2014-08-28,Licking,1,Winona,2
2014-08-28,Bowling Green,1,Wright City,2
2014-08-29,Leopold,2,Advance,1
2014-08-29,Woodland,1,Advance,2
2014-08-29,Rockwood Summit,0,Cor Jesu Academy,2
2014-08-29,Holcomb,2,Delta (Deering),0
2014-08-29,Warsaw,2,Dixon,0
2014-08-29,Fox,0,Eureka,2
2014-08-29,Hazelwood West,0,Ft. Zumwalt North,2
2014-08-29,Exeter,0,Golden City,2
2014-08-29,McCluer North,0,Ladue Horton Watkins,2
2014-08-29,Saxony Lutheran,0,Leopold,2
2014-08-29,Hurley,2,Niangua,0
2014-08-29,Cooter,2,North Pemiscot,0
2014-08-29,Parkway West,2,Parkway South,0
2014-08-29,Conway,2,Plato,0
2014-08-29,Senath-Hornersville,2,Sweet Springs,1
2014-08-29,Sarcoxie,0,Willard,2
2014-08-29,Incarnate Word Academy,2,Whitfield,0
2014-08-29,Saxony Lutheran,2,Woodland,1
2014-08-30,Rock Port,2,Benton,1
2014-08-30,Fairfax,0,Benton,2
2014-08-30,Kickapoo,0,Helias Catholic,2
2014-08-30,Republic,1,Helias Catholic,2
2014-08-30,Rock Bridge,0,Kickapoo,2
2014-08-30,Rock Bridge,2,Republic,1
2014-08-30,St. Joseph Christian,1,Rock Port,2
2014-08-30,O'Hara,2,St. Pius X (Kansas City),1
2014-08-30,Lutheran St. Charles,2,Windsor,0
2014-08-31,McCluer,0,Trinity Catholic,2
2014-09-01,Hayti,1,Campbell,1
2014-09-01,William Chrisman,1,St. Charles,2
2014-09-02,Viburnum,0,Arcadia Valley,2
2014-09-02,Springfield Catholic,2,Ash Grove,0
2014-09-02,Miami (Amoret),2,Ballard,0
2014-09-02,Visitation Academy,2,Barat Academy,0
2014-09-02,Lebanon,2,Battle,0
2014-09-02,Zalma,1,Bell City,3
2014-09-02,Lutheran St. Charles,2,Bishop DuBourg,0
2014-09-02,Rock Port,0,Bishop LeBlond,2
2014-09-02,Richland (Essex),0,Bloomfield,2
2014-09-02,Kearney,0,Blue Springs,2
2014-09-02,Raymore-Peculiar,2,Blue Springs South,1
2014-09-02,Montgomery County,2,Bowling Green,1
2014-09-02,Parkview,0,Branson,2
2014-09-02,Winona,2,Bunker,0
2014-09-02,Barstow,3,Butler,0
2014-09-02,Smithton,1,Calvary Lutheran,2
2014-09-02,Lawson,2,Carrollton,0
2014-09-02,Carl Junction,2,Carthage,0
2014-09-02,Campbell,2,Caruthersville,0
2014-09-02,St. Pius X (Kansas City),2,Center,0
2014-09-02,Southeast,2,Central (Kansas City),1
2014-09-02,Niangua,2,Chadwick,0
2014-09-02,Oak Ridge,0,Charleston,2
2014-09-02,Brookfield,0,Chillicothe,2
2014-09-02,Gideon,2,Clarkton,0
2014-09-02,MICDS,2,Clayton,0
2014-09-02,Knob Noster,1,Clinton,1
2014-09-02,Osage,0,Cole Camp,2
2014-09-02,Buffalo,2,Conway,0
2014-09-02,Delta (Deering),2,Cooter,0
2014-09-02,Wheaton,0,Crane,2
2014-09-02,Adrian,2,Crest Ridge,1
2014-09-02,Hogan Prep Academy Charter,0,Cristo Rey,2
2014-09-02,Central (Park Hills),2,DeSoto,0
2014-09-02,Central (Cape Girardeau),0,Dexter,2
2014-09-02,Springfield Catholic,0,Duchesne,2
2014-09-02,Diamond,0,East Newton,2
2014-09-02,Winona,2,El Dorado Springs,0
2014-09-02,Mexico,1,Eldon,2
2014-09-02,Lesterville,2,Ellington,0
2014-09-02,Willard,2,Eugene,0
2014-09-02,Cameron,0,Excelsior Springs,2
2014-09-02,Thomas Jefferson Independent Day,0,Exeter,2
2014-09-02,Hermann,2,Father Tolton,0
2014-09-02,North Kansas City,2,Fort Osage,0
2014-09-02,Crystal City,0,Fox,2
2014-09-02,Marquand-Zion,0,Fredericktown,3
2014-09-02,Blair Oaks,2,Fulton,0
2014-09-02,Brentwood,2,Gateway,0
2014-09-02,Everton,0,Greenfield,2
2014-09-02,St. Paul Lutheran (Farmington),0,Greenville,2
2014-09-02,Kingston,2,Herculaneum,1
2014-09-02,Boonville,2,Hickman,0
2014-09-02,Farmington,2,Hillsboro,0
2014-09-02,Senath-Hornersville,1,Holcomb,2
2014-09-02,Oak Grove,2,Holden,1
2014-09-02,Hillcrest,0,Hollister,2
2014-09-02,St. Charles,1,Holt,2
2014-09-02,Wright City,0,Houston,2
2014-09-02,Bradleyville,0,Hurley,2
2014-09-02,Poplar Bluff,1,Jackson,2
2014-09-02,Helias Catholic,2,Jefferson City,0
2014-09-02,Metro,2,Jennings,0
2014-09-02,Cardinal Ritter,0,John F. Kennedy,2
2014-09-02,Hallsville,0,Kirksville,2
2014-09-02,Thayer,2,Koshkonong,0
2014-09-02,Chilhowee,0,La Monte,2
2014-09-02,Wentworth Military Academy,0,La Monte,2
2014-09-02,Liberty (Wentzville),0,Ladue Horton Watkins,2
2014-09-02,Lee's Summit West,2,Lee's Summit,1
2014-09-02,Liberty,2,Lee's Summit North,1
2014-09-02,Lamar,0,Liberal,2
2014-09-02,Reeds Spring,0,Liberty (Mountain View),2
2014-09-02,Mountain Grove,2,Licking,0
2014-09-02,Fatima,2,Linn,0
2014-09-02,Camdenton,0,Logan-Rogersville,2
2014-09-02,Santa Fe,2,Lone Jack,0
2014-09-02,Pembroke Hill,2,Lutheran (Kansas City),0
2014-09-02,Principia,2,Lutheran North,1
2014-09-02,Central (New Madrid County),2,Malden,0
2014-09-02,Southwest (Washburn),1,Marionville,2
2014-09-02,Fair Grove,2,Marshfield,0
2014-09-02,Rich Hill,0,McAuley Catholic,2
2014-09-02,Webb City,0,McDonald County,2
2014-09-02,Leopold,2,Meadow Heights,0
2014-09-02,Sherwood,0,Midway,2
2014-09-02,Neosho,1,Mt. Vernon,2
2014-09-02,Chamois,0,New Haven,2
2014-09-02,Miller,0,New Heights Christian,2
2014-09-02,Joplin,0,Nixa,2
2014-09-02,Affton,0,Northwest (Cedar Hill),2
2014-09-02,Bernie,0,Notre Dame (Cape Girardeau),2
2014-09-02,Lutheran South,2,Notre Dame (St. Louis),0
2014-09-02,Lafayette County,0,Odessa,2
2014-09-02,St. Charles West,2,Orchard Farm,0
2014-09-02,Lockwood,0,Osceola,2
2014-09-02,Belle,1,Owensville,2
2014-09-02,Eureka,2,Pacific,0
2014-09-02,St. Charles,2,Park Hill,0
2014-09-02,Cabool,2,Plato,0
2014-09-02,Raytown South,0,Platte County,2
2014-09-02,Hayti,0,Portageville,2
2014-09-02,Oak Park,2,Raytown,0
2014-09-02,Glendale,2,Republic,0
2014-09-02,John Burroughs,2,Ritenour,1
2014-09-02,Jennings,0,Riverview Gardens,2
2014-09-02,Central (St. Joseph),2,Ruskin,0
2014-09-02,Eminence,2,Salem,0
2014-09-02,Lathrop,0,Savannah,2
2014-09-02,St. Vincent,2,Saxony Lutheran,1
2014-09-02,Advance,2,Seneca,0
2014-09-02,Lakeland,2,Sheldon,0
2014-09-02,Versailles,2,Skyline,1
2014-09-02,Nevada,0,Savannah,2
2014-09-02,Pleasant Hill,2,Sparta,0
2014-09-02,St. Joseph Christian,0,St. James,2
2014-09-02,Kennett,2,Summersville,0
2014-09-02,North Pemiscot,2,Sweet Springs,0
2014-09-02,Fordland,0,Union,2
2014-09-02,St. Joseph's Academy,2,St. Dominic,0
2014-09-02,Rolla,2,St. James,0
2014-09-02,Northwest (Hughesville),0,St. Paul Lutheran (Concordia),2
2014-09-02,Liberty North,0,Staley,2
2014-09-02,Pierce City,2,Stockton,1
2014-09-02,Waynesville,2,Webb City,0
2014-09-02,Ft. Zumwalt West,2,Timberland,1
2014-09-02,Plattsburg,0,Trenton,2
2014-09-02,Veritas Christian Academy,0,Trinity Catholic,2
2014-09-02,Westminster Christian Academy,2,Troy Buchanan,1
2014-09-02,Doniphan,2,St. Clair,1
2014-09-02,Mehlville,2,Tarkio,0
2014-09-02,Festus,1,Valle Catholic,2
2014-09-02,Grandview (Hillsboro),1,Valley,2
2014-09-02,University Academy Charter,0,Versailles,2
2014-09-02,Clever,2,Verona,0
2014-09-02,Marquette,1,Villa Duchesne,2
2014-09-02,O'Hara,2,Warrensburg,0
2014-09-02,Ft. Zumwalt East,2,Warrenton,0
2014-09-02,Lincoln,2,Warsaw,0
2014-09-02,Lexington,0,Wellington-Napoleon,2
2014-09-02,Chilhowee,2,Wentworth Military Academy,0
2014-09-02,South Iron,0,West County,2
2014-09-02,Central (Springfield),0,Willard,2
2014-09-02,Archie,2,Windsor,0
2014-09-02,North County,2,Windsor (Imperial),1
2014-09-02,Belton,2,Winnetonka,1
2014-09-02,Puxico,0,Woodland,2
2014-09-03,Kirksville,0,Battle,2
2014-09-03,Clayton,2,Bayless,0
2014-09-03,Grandview,1,Center,2
2014-09-03,Park Hill South,2,Central (St. Joseph),0
2014-09-03,Perryville,2,Farmington,0
2014-09-03,Seckman,1,Fox,2
2014-09-03,Warrenton,2,Ft. Zumwalt North,1
2014-09-03,Roosevelt,0,Hancock,2
2014-09-03,Potosi,1,Herculaneum,2
2014-09-03,Riverview Gardens,1,Jennings,2
2014-09-03,Maplewood-Richmond Hts.,0,John Burroughs,2
2014-09-03,Rolla,0,Kickapoo,2
2014-09-03,Eureka,0,Lafayette (Wildwood),2
2014-09-03,Marquand-Zion,0,Leopold,2
2014-09-03,Trinity Catholic,0,Lutheran St. Charles,2
2014-09-03,North Callaway,2,Missouri School for the Deaf,0
2014-09-03,Hazelwood East,2,Normandy Collaborative,0
2014-09-03,East (Kansas City),2,Northeast (Kansas City),1
2014-09-03,Rockwood Summit,0,Northwest (Cedar Hill),2
2014-09-03,Seneca,0,Notre Dame (Cape Girardeau),2
2014-09-03,Kirkwood,2,Oakville,0
2014-09-03,Oak Park,2,Park Hill,0
2014-09-03,Glendale,2,Parkview,0
2014-09-03,Incarnate Word Academy,2,Parkway Central,0
2014-09-03,Parkway South,2,Parkway North,0
2014-09-03,Lindbergh,0,Parkway West,2
2014-09-03,Ft. Zumwalt East,2,Pattonville,0
2014-09-03,Belton,2,Ruskin,0
2014-09-03,Affton,0,St. Pius X (Festus),2
2014-09-03,Windsor (Imperial),2,Ste. Genevieve,1
2014-09-03,Lincoln College Prep,2,University Academy Charter,0
2014-09-03,Jefferson (Festus),0,Valle Catholic,2
2014-09-03,Pacific,0,Washington,2
2014-09-03,Cor Jesu Academy,2,Webster Groves,1
2014-09-04,Windsor,0,Adrian,2
2014-09-04,Oak Ridge,0,Advance,3
2014-09-04,Ritenour,0,Affton,2
2014-09-04,Lincoln,0,Archie,2
2014-09-04,School of the Ozarks,0,Ash Grove,2
2014-09-04,Mt. Vernon,2,Aurora,1
2014-09-04,Dixon,1,Belle,2
2014-09-04,Grain Valley,0,Belton,2
2014-09-04,Bell City,0,Bernie,2
2014-09-04,Forsyth,0,Billings,2
2014-09-04,Warsaw,0,Blair Oaks,2
2014-09-04,Poplar Bluff,2,Bloomfield,0
2014-09-04,Lee's Summit,0,Blue Springs,2
2014-09-04,Kirksville,1,Boonville,2
2014-09-04,Skyline,0,Buffalo,2
2014-09-04,Eldon,0,California,2
2014-09-04,Benton,2,Cameron,1
2014-09-04,Delta (Deering),0,Campbell,2
2014-09-04,Veritas Christian Academy,2,Cardinal Ritter,0
2014-09-04,Webb City,0,Carl Junction,2
2014-09-04,Trenton,1,Carrollton,2
2014-09-04,Herculaneum,0,Central (Park Hills),2
2014-09-04,Branson,1,Central (Springfield),2
2014-09-04,St. Charles,2,Central (St. Joseph),0
2014-09-04,Battle,0,Centralia,2
2014-09-04,Woodland,1,Clearwater,2
2014-09-04,Springfield Catholic,2,Clever,1
2014-09-04,Blue Eye,0,Crane,2
2014-09-04,Green Ridge,2,Crest Ridge,0
2014-09-04,Arcadia Valley,2,Crystal City,0
2014-09-04,Viburnum,2,Cuba,0
2014-09-04,Mid-Buchanan,2,Drexel,1
2014-09-04,Cristo Rey,2,East (Kansas City),0
2014-09-04,Neosho,0,East Newton,2
2014-09-04,Fulton,2,Eugene,0
2014-09-04,Logan-Rogersville,2,Fair Grove,0
2014-09-04,Hermann,0,Fatima,2
2014-09-04,Pleasant Hope,0,Fordland,2
2014-09-04,Staley,2,Fort Osage,0
2014-09-04,Francis Howell,2,Francis Howell Central,0
2014-09-04,Holt,0,Ft. Zumwalt South,2
2014-09-04,Chadwick,0,Galena,2
2014-09-04,Lift for Life Academy Charter,1,Gateway,2
2014-09-04,Holcomb,0,Gideon,2
2014-09-04,Zalma,0,Greenville,2
2014-09-04,North Callaway,2,Hallsville,1
2014-09-04,Lutheran (Kansas City),0,Harrisonville,2
2014-09-04,Senath-Hornersville,0,Hayti,2
2014-09-04,Duchesne,0,Helias Catholic,2
2014-09-04,Southeast,1,Hogan Prep Academy Charter,2
2014-09-04,Ballard,0,Hume,2
2014-09-04,Ste. Genevieve,2,Jefferson (Festus),1
2014-09-04,Metro,2,Jennings,0
2014-09-04,Bishop DuBourg,2,John F. Kennedy,0
2014-09-04,Lebanon,2,Joplin,0
2014-09-04,Raytown South,0,Kearney,2
2014-09-04,Malden,0,Kennett,2
2014-09-04,Marquand-Zion,0,Kingston,2
2014-09-04,Midway,2,Kingsville,0
2014-09-04,Ursuline Academy,1,Kirkwood,2
2014-09-04,Osceola,2,Lakeland,0
2014-09-04,Pierce City,2,Lamar,0
2014-09-04,Excelsior Springs,2,Lawson,0
2014-09-04,St. Teresa's Academy,1,Lee's Summit West,2
2014-09-04,Bunker,0,Lesterville,2
2014-09-04,St. Paul Lutheran (Concordia),2,Lexington,0
2014-09-04,Eminence,0,Liberty (Mountain View),2
2014-09-04,Southwest Early College,0,Lincoln College Prep,2
2014-09-04,Marquette,0,Lindbergh,2
2014-09-04,El Dorado Springs,1,Lockwood,2
2014-09-04,Wentworth Military Academy,0,Malta Bend,2
2014-09-04,Cassville,0,Marionville,2
2014-09-04,Ava,2,Marshfield,1
2014-09-04,Bishop LeBlond,2,Maryville,0
2014-09-04,Exeter,0,McAuley Catholic,2
2014-09-04,Parkway South,0,Mehlville,2
2014-09-04,Marshall,2,Mexico,0
2014-09-04,Bronaugh,2,Miami (Amoret),1
2014-09-04,Warrensburg,0,Nevada,2
2014-09-04,Montgomery County,0,New Haven,2
2014-09-04,Sarcoxie,0,New Heights Christian,2
2014-09-04,Tarkio,0,North County,2
2014-09-04,William Chrisman,2,North Kansas City,0
2014-09-04,Clarkton,2,North Pemiscot,0
2014-09-04,St. Pius X (Kansas City),2,Notre Dame de Sion,1
2014-09-04,Liberty North,0,Oak Park,2
2014-09-04,Northwest (Cedar Hill),2,Oakville,1
2014-09-04,Wellington-Napoleon,1,Odessa,2
2014-09-04,Center,0,O'Hara,2
2014-09-04,Warrenton,2,Orchard Farm,0
2014-09-04,Versailles,2,Osage,0
2014-09-04,Ruskin,0,Park Hill South,2
2014-09-04,Glendale,2,Parkview,0
2014-09-04,Lutheran South,2,Parkway North,0
2014-09-04,Pattonville,0,Parkway West,2
2014-09-04,Fredericktown,0,Perryville,2
2014-09-04,Licking,2,Plato,0
2014-09-04,Brookfield,0,Plattsburg,2
2014-09-04,Pembroke Hill,0,Pleasant Hill,2
2014-09-04,Charleston,0,Portageville,2
2014-09-04,Bismarck,2,Potosi,0
2014-09-04,MICDS,2,Principia,0
2014-09-04,Verona,0,Purdy,2
2014-09-04,Grandview,0,Raytown,2
2014-09-04,Monett,0,Reeds Spring,2
2014-09-04,Jasper,2,Rich Hill,0
2014-09-04,Puxico,2,Richland (Essex),0
2014-09-04,Orrick,2,Richmond,0
2014-09-04,Cooter,1,Risco,2
2014-09-04,Nodaway-Holt,0,Rock Port,2
2014-09-04,Chamois,2,Sarcoxie,0
2014-09-04,Sweet Springs,0,Sacred Heart,2
2014-09-04,Lafayette County,0,Santa Fe,2
2014-09-04,Lafayette (St. Joseph),0,Savannah,2
2014-09-04,Meadow Heights,2,Seneca,0
2014-09-04,Diamond,0,Seneca,2
2014-09-04,Saxony Lutheran,1,Sikeston,2
2014-09-04,Clinton,0,Savannah,2
2014-09-04,Otterville,0,Smithton,1
2014-09-04,Chillicothe,0,Sparta,2
2014-09-04,Ellington,0,South Iron,3
2014-09-04,Union,2,Spokane,0
2014-09-04,Liberty (Wentzville),0,St. Charles,2
2014-09-04,Springfield Catholic,1,St. Dominic,2
2014-09-04,Incarnate Word Academy,0,St. Joseph's Academy,2
2014-09-04,Bourbon,2,St. James,1
2014-09-04,North Platte,2,St. Joseph Christian,0
2014-09-04,Cor Jesu Academy,2,St. Joseph's Academy,1
2014-09-04,Greenfield,0,Stockton,2
2014-09-04,Miller,0,Winona,2
2014-09-04,Lone Jack,0,Summit Christian Academy,2
2014-09-04,Doniphan,2,Thayer,0
2014-09-04,Southwest (Washburn),2,Thomas Jefferson Independent Day,0
2014-09-04,Francis Howell North,0,Troy Buchanan,2
2014-09-04,Grandview,2,Valley Park,0
2014-09-04,Grandview (Hillsboro),2,Valley Park,0
2014-09-04,Butler,3,Versailles,1
2014-09-04,Whitfield,0,Visitation Academy,2
2014-09-04,Ft. Zumwalt North,0,Washington,2
2014-09-04,Hillcrest,0,Waynesville,2
2014-09-04,Nerinx Hall,1,Webster Groves,2
2014-09-04,Camdenton,2,West Plains,0
2014-09-04,East Buchanan,0,West Platte,2
2014-09-04,Ladue Horton Watkins,0,Westminster Christian Academy,2
2014-09-04,Bolivar,0,Willard,2
2014-09-04,Wright City,0,Willow Springs,2
2014-09-04,St. Charles West,1,Winfield,2
2014-09-04,Platte County,2,Winnetonka,0
2014-09-04,Cabool,0,Winona,2
2014-09-05,Richland (Essex),0,Advance,2
2014-09-05,Oak Ridge,0,Advance,3
2014-09-05,Lutheran North,1,Brentwood,2
2014-09-05,Ste. Genevieve,2,Central (Cape Girardeau),0
2014-09-05,University City,2,Cleveland NJROTC,0
2014-09-05,Sweet Springs,0,Delta (Deering),2
2014-09-05,Central (Cape Girardeau),0,Dexter,2
2014-09-05,St. Pius X (Festus),1,Dexter,1
2014-09-05,Eugene,1,Dixon,2
2014-09-05,Marquette,0,Eureka,2
2014-09-05,Rockwood Summit,0,Francis Howell Central,2
2014-09-05,West County,1,Herculaneum,2
2014-09-05,St. Clair,0,Holcomb,2
2014-09-05,St. Vincent,2,Jackson,0
2014-09-05,Perryville,2,Jackson,0
2014-09-05,Greenville,2,Marquand-Zion,0
2014-09-05,Sheldon,0,Northeast Vernon County,2
2014-09-05,St. Vincent,0,Notre Dame (Cape Girardeau),2
2014-09-05,Lafayette (Wildwood),0,Ozark,2
2014-09-05,Notre Dame (Cape Girardeau),0,Perryville,2
2014-09-05,Crossroads College Preparatory,0,Principia,2
2014-09-05,Leopold,2,Puxico,0
2014-09-05,Notre Dame de Sion,0,Rock Bridge,2
2014-09-05,Valley,0,Warsaw,2
2014-09-05,Oakville,0,Villa Duchesne,2
2014-09-05,Webb City,2,Whitfield,0
2014-09-06,Skyline,0,Adrian,2
2014-09-06,Holden,1,Adrian,1
2014-09-06,Versailles,0,Adrian,2
2014-09-06,Boonville,2,Adrian,0
2014-09-06,Pacific,0,Arcadia Valley,2
2014-09-06,Windsor,2,Arcadia Valley,0
2014-09-06,Windsor (Imperial),2,Arcadia Valley,0
2014-09-06,Lutheran (Kansas City),1,Archie,1
2014-09-06,Miami (Amoret),0,Archie,2
2014-09-06,Drexel,2,Archie,1
2014-09-06,Winona,2,Aurora,0
2014-09-06,Stockton,0,Aurora,2
2014-09-06,Willard,2,Aurora,0
2014-09-06,Green Ridge,1,Aurora,1
2014-09-06,Union,2,Ava,0
2014-09-06,Willow Springs,1,Ava,1
2014-09-06,Bradleyville,0,Ava,2
2014-09-06,West Plains,1,Blair Oaks,1
2014-09-06,Fordland,2,Blue Eye,0
2014-09-06,Conway,1,Blue Eye,1
2014-09-06,Willard,1,Boonville,1
2014-09-06,St. Paul Lutheran (Concordia),2,Boonville,0
2014-09-06,Carrollton,0,Boonville,2
2014-09-06,Sherwood,0,Boonville,2
2014-09-06,California,2,Bowling Green,0
2014-09-06,Kirksville,1,Bowling Green,1
2014-09-06,Fatima,2,Bowling Green,0
2014-09-06,Eldon,1,Bowling Green,1
2014-09-06,Union,2,Bradleyville,0
2014-09-06,Willow Springs,2,Bradleyville,0
2014-09-06,Ritenour,0,Buffalo,2
2014-09-06,Neosho,1,Buffalo,1
2014-09-06,Winona,1,Buffalo,1
2014-09-06,Willard,2,Buffalo,0
2014-09-06,Aurora,0,Buffalo,2
2014-09-06,Rich Hill,1,Butler,1
2014-09-06,Hume,1,Butler,1
2014-09-06,Drexel,2,Butler,0
2014-09-06,West Plains,2,Cabool,0
2014-09-06,Licking,2,Cabool,0
2014-09-06,Blair Oaks,2,Cabool,0
2014-09-06,Northwest (Hughesville),0,Cameron,2
2014-09-06,Warsaw,0,Cameron,2
2014-09-06,Richmond,0,Cameron,2
2014-09-06,Willard,2,Carrollton,0
2014-09-06,Sherwood,2,Carrollton,0
2014-09-06,Versailles,2,Carrollton,1
2014-09-06,Lamar,0,Carthage,2
2014-09-06,Reeds Spring,0,Carthage,2
2014-09-06,Fair Grove,0,Carthage,2
2014-09-06,El Dorado Springs,0,Carthage,2
2014-09-06,Branson,0,Carthage,2
2014-09-06,Nixa,2,Carthage,0
2014-09-06,St. Pius X (Festus),2,Central (Cape Girardeau),0
2014-09-06,St. Vincent,2,Central (Cape Girardeau),0
2014-09-06,Hurley,2,Chadwick,0
2014-09-06,Galena,2,Chadwick,0
2014-09-06,Spokane,2,Chadwick,0
2014-09-06,Springfield Catholic,2,Chadwick,0
2014-09-06,Marionville,0,Clever,2
2014-09-06,Golden City,0,Clever,2
2014-09-06,Verona,0,Clever,2
2014-09-06,Sarcoxie,0,Clever,2
2014-09-06,Branson,1,Clinton,1
2014-09-06,Diamond,2,Clinton,0
2014-09-06,McDonald County,2,Clinton,0
2014-09-06,Seneca,2,Clinton,0
2014-09-06,Fordland,2,Conway,0
2014-09-06,Parkway South,1,DeSoto,1
2014-09-06,St. Clair,0,DeSoto,2
2014-09-06,Arcadia Valley,2,DeSoto,0
2014-09-06,Viburnum,0,DeSoto,2
2014-09-06,Fredericktown,1,DeSoto,1
2014-09-06,North County,2,DeSoto,0
2014-09-06,Notre Dame (Cape Girardeau),0,Dexter,2
2014-09-06,Ste. Genevieve,0,Dexter,2
2014-09-06,St. Pius X (Festus),2,Dexter,0
2014-09-06,Branson,2,Diamond,0
2014-09-06,Houston,2,Diamond,1
2014-09-06,Hume,0,Drexel,2
2014-09-06,Rich Hill,0,Drexel,2
2014-09-06,Lutheran (Kansas City),2,Drexel,0
2014-09-06,Mid-Buchanan,1,East Buchanan,1
2014-09-06,Plattsburg,0,East Buchanan,2
2014-09-06,Penney,0,East Buchanan,2
2014-09-06,Lawson,2,East Buchanan,0
2014-09-06,Lathrop,2,East Buchanan,0
2014-09-06,Nixa,2,El Dorado Springs,0
2014-09-06,Fatima,2,Eldon,0
2014-09-06,Licking,0,Eminence,2
2014-09-06,Liberty (Mountain View),2,Eminence,0
2014-09-06,Marionville,2,Everton,0
2014-09-06,Verona,2,Everton,0
2014-09-06,Exeter,0,Everton,2
2014-09-06,Miller,1,Everton,1
2014-09-06,Lebanon,2,Fair Grove,0
2014-09-06,Nodaway-Holt,2,Fairfax,0
2014-09-06,California,0,Fatima,2
2014-09-06,Willow Springs,0,Fordland,2
2014-09-06,Union,2,Fordland,0
2014-09-06,Fordland,1,Forsyth,1
2014-09-06,Conway,1,Forsyth,1
2014-09-06,Blue Eye,1,Forsyth,1
2014-09-06,Union,2,Forsyth,0
2014-09-06,Willow Springs,2,Forsyth,0
2014-09-06,Lutheran South,1,Francis Howell,1
2014-09-06,Hannibal,0,Francis Howell Central,2
2014-09-06,Holt,2,Francis Howell Central,1
2014-09-06,Ft. Zumwalt East,0,Francis Howell Central,2
2014-09-06,St. Charles West,0,Francis Howell Central,2
2014-09-06,Lutheran South,1,Francis Howell North,1
2014-09-06,St. Dominic,2,Francis Howell North,0
2014-09-06,Jefferson City,2,Francis Howell North,0
2014-09-06,Hickman,0,Francis Howell North,2
2014-09-06,Parkway South,0,Fredericktown,2
2014-09-06,St. Clair,0,Fredericktown,2
2014-09-06,Arcadia Valley,2,Fredericktown,0
2014-09-06,Timberland,0,Ft. Zumwalt West,2
2014-09-06,Winfield,0,Ft. Zumwalt West,2
2014-09-06,Hannibal,1,Ft. Zumwalt West,2
2014-09-06,Holt,2,Ft. Zumwalt West,0
2014-09-06,California,1,Fulton,1
2014-09-06,Owensville,1,Fulton,1
2014-09-06,Savannah,2,Fulton,0
2014-09-06,Eldon,1,Fulton,2
2014-09-06,Hurley,2,Galena,0
2014-09-06,Springfield Catholic,2,Galena,0
2014-09-06,Verona,2,Golden City,0
2014-09-06,Sarcoxie,0,Golden City,2
2014-09-06,Neosho,2,Green Ridge,0
2014-09-06,Stockton,0,Green Ridge,2
2014-09-06,Timberland,2,Hannibal,1
2014-09-06,Winfield,0,Hannibal,2
2014-09-06,St. Charles West,2,Hannibal,1
2014-09-06,Washington,2,Hickman,0
2014-09-06,St. Joseph's Academy,2,Hickman,0
2014-09-06,Parkway West,2,Hickman,0
2014-09-06,North County,1,Hillsboro,1
2014-09-06,Viburnum,2,Hillsboro,0
2014-09-06,Salem,0,Hillsboro,2
2014-09-06,Windsor (Imperial),2,Hillsboro,0
2014-09-06,Willard,2,Holden,0
2014-09-06,St. Paul Lutheran (Concordia),2,Holden,0
2014-09-06,Skyline,1,Holden,1
2014-09-06,Versailles,0,Holden,2
2014-09-06,Lexington,0,Holden,2
2014-09-06,Nixa,2,Hollister,0
2014-09-06,Reeds Spring,2,Hollister,0
2014-09-06,El Dorado Springs,2,Hollister,0
2014-09-06,Seneca,1,Hollister,1
2014-09-06,Ft. Zumwalt East,0,Holt,2
2014-09-06,Montgomery County,0,Holt,2
2014-09-06,Orchard Farm,0,Holt,2
2014-09-06,Lebanon,2,Houston,0
2014-09-06,Mt. Vernon,2,Houston,0
2014-09-06,Rich Hill,2,Hume,0
2014-09-06,Springfield Catholic,1,Hurley,1
2014-09-06,School of the Ozarks,2,Hurley,1
2014-09-06,Notre Dame (Cape Girardeau),1,Jackson,1
2014-09-06,Perryville,2,Jackson,0
2014-09-06,Ste. Genevieve,2,Jackson,0
2014-09-06,Washington,0,Jefferson City,2
2014-09-06,Lutheran South,1,Jefferson City,1
2014-09-06,St. Dominic,2,Jefferson City,0
2014-09-06,Savannah,2,Kirksville,0
2014-09-06,Fatima,2,Kirksville,0
2014-09-06,Eldon,2,Kirksville,0
2014-09-06,Richmond,0,Kirksville,2
2014-09-06,St. Paul Lutheran (Concordia),2,Knob Noster,0
2014-09-06,Skyline,0,Knob Noster,2
2014-09-06,Lexington,0,Knob Noster,2
2014-09-06,Sherwood,1,Knob Noster,2
2014-09-06,Warsaw,0,Lafayette County,2
2014-09-06,Cameron,0,Lafayette County,2
2014-09-06,Warrensburg,2,Lafayette County,0
2014-09-06,Savannah,2,Lafayette County,0
2014-09-06,Reeds Spring,2,Lamar,0
2014-09-06,Fair Grove,2,Lamar,0
2014-09-06,Mt. Vernon,2,Lamar,0
2014-09-06,North Platte,2,Lathrop,0
2014-09-06,Plattsburg,1,Lathrop,1
2014-09-06,West Platte,2,Lathrop,0
2014-09-06,Penney,0,Lathrop,2
2014-09-06,Mid-Buchanan,2,Lawson,0
2014-09-06,North Platte,2,Lawson,0
2014-09-06,West Platte,2,Lawson,0
2014-09-06,Penney,0,Lawson,2
2014-09-06,Richmond,0,Lawson,2
2014-09-06,Mt. Vernon,1,Lebanon,1
2014-09-06,Nixa,2,Lebanon,0
2014-09-06,St. Paul Lutheran (Concordia),2,Lexington,0
2014-09-06,Versailles,2,Lexington,0
2014-09-06,Licking,0,Liberty (Mountain View),2
2014-09-06,Golden City,0,Lockwood,2
2014-09-06,Verona,1,Lockwood,1
2014-09-06,Sarcoxie,0,Lockwood,2
2014-09-06,Clever,2,Lockwood,0
2014-09-06,Purdy,2,Lockwood,1
2014-09-06,Thayer,0,Logan-Rogersville,2
2014-09-06,Liberty (Mountain View),0,Logan-Rogersville,2
2014-09-06,St. Joseph's Academy,2,Lutheran South,1
2014-09-06,St. Dominic,1,Lutheran South,1
2014-09-06,Exeter,0,Marionville,2
2014-09-06,Miller,0,Marionville,2
2014-09-06,Northwest (Hughesville),0,Maryville,2
2014-09-06,Savannah,1,Maryville,1
2014-09-06,Richmond,0,Maryville,2
2014-09-06,Warrensburg,2,Maryville,1
2014-09-06,Branson,2,McDonald County,0
2014-09-06,Diamond,1,McDonald County,1
2014-09-06,Nixa,2,McDonald County,0
2014-09-06,Lutheran (Kansas City),2,Miami (Amoret),0
2014-09-06,Penney,0,Mid-Buchanan,2
2014-09-06,West Platte,1,Mid-Buchanan,2
2014-09-06,North Platte,2,Mid-Buchanan,1
2014-09-06,Exeter,1,Miller,1
2014-09-06,Wright City,1,Mountain Grove,1
2014-09-06,Winona,2,Neosho,0
2014-09-06,Stockton,0,Neosho,2
2014-09-06,Viburnum,0,North County,2
2014-09-06,Salem,0,North County,2
2014-09-06,Pacific,0,North County,2
2014-09-06,Windsor (Imperial),2,North County,0
2014-09-06,West Platte,0,North Platte,2
2014-09-06,Plattsburg,0,North Platte,2
2014-09-06,Richmond,0,Northwest (Hughesville),2
2014-09-06,Warsaw,0,Northwest (Hughesville),2
2014-09-06,California,2,Owensville,0
2014-09-06,Savannah,2,Owensville,0
2014-09-06,Fatima,2,Owensville,0
2014-09-06,Windsor (Imperial),1,Pacific,1
2014-09-06,Licking,2,Parkview,0
2014-09-06,Liberty (Mountain View),2,Parkview,0
2014-09-06,Eminence,2,Parkview,0
2014-09-06,St. Clair,0,Parkway South,1
2014-09-06,Pacific,2,Parkway South,1
2014-09-06,Washington,0,Parkway West,2
2014-09-06,St. Joseph's Academy,1,Parkway West,1
2014-09-06,Lutheran South,2,Parkway West,0
2014-09-06,St. Dominic,0,Parkway West,2
2014-09-06,Lebanon,2,Pattonville,0
2014-09-06,Branson,2,Pattonville,1
2014-09-06,Mt. Vernon,0,Pattonville,2
2014-09-06,Houston,0,Pattonville,2
2014-09-06,St. Vincent,0,Perryville,2
2014-09-06,St. Pius X (Festus),2,Perryville,1
2014-09-06,West Platte,2,Plattsburg,0
2014-09-06,Marionville,0,Purdy,2
2014-09-06,Exeter,0,Purdy,2
2014-09-06,Everton,1,Purdy,1
2014-09-06,Clever,2,Purdy,0
2014-09-06,Miller,1,Purdy,1
2014-09-06,Fair Grove,2,Reeds Spring,0
2014-09-06,Houston,0,Reeds Spring,2
2014-09-06,Mt. Vernon,2,Reeds Spring,0
2014-09-06,Lutheran (Kansas City),2,Rich Hill,0
2014-09-06,Bishop LeBlond,2,Richmond,0
2014-09-06,Winona,2,Ritenour,0
2014-09-06,Neosho,1,Ritenour,1
2014-09-06,Green Ridge,2,Ritenour,0
2014-09-06,Stockton,2,Ritenour,0
2014-09-06,Eminence,1,Rolla,2
2014-09-06,Liberty (Mountain View),2,Rolla,0
2014-09-06,Wright City,0,Rolla,2
2014-09-06,Webb City,1,Rolla,1
2014-09-06,Mountain Grove,0,Rolla,2
2014-09-06,Viburnum,2,Salem,0
2014-09-06,Webb City,1,Salem,1
2014-09-06,Verona,2,Sarcoxie,0
2014-09-06,California,1,Savannah,1
2014-09-06,Fatima,0,Savannah,1
2014-09-06,Nixa,2,Seneca,0
2014-09-06,El Dorado Springs,2,Seneca,0
2014-09-06,Mt. Vernon,2,Seneca,1
2014-09-06,Willard,2,Sherwood,0
2014-09-06,Northwest (Hughesville),0,Savannah,2
2014-09-06,Warrensburg,0,Savannah,2
2014-09-06,Richmond,0,Savannah,2
2014-09-06,Marshall,0,Savannah,2
2014-09-06,Willow Springs,1,Union,1
2014-09-06,School of the Ozarks,0,Spokane,2
2014-09-06,School of the Ozarks,0,Springfield Catholic,2
2014-09-06,Holt,1,St. Charles West,2
2014-09-06,Ft. Zumwalt East,1,St. Charles West,2
2014-09-06,St. Joseph's Academy,2,St. Dominic,1
2014-09-06,St. Vincent,1,Ste. Genevieve,2
2014-09-06,St. Pius X (Festus),2,Ste. Genevieve,0
2014-09-06,St. Paul Lutheran (Concordia),2,Willard,0
2014-09-06,Pacific,2,Webb City,0
2014-09-06,Arcadia Valley,1,Webb City,1
2014-09-06,Windsor (Imperial),2,Webb City,0
2014-09-06,Winfield,1,Timberland,1
2014-09-06,Skyline,2,Versailles,0
2014-09-06,Warsaw,0,Warrensburg,2
2014-09-06,Cameron,1,Warrensburg,1
2014-09-06,St. Joseph's Academy,2,Washington,0
2014-09-06,Liberty (Mountain View),2,Webb City,1
2014-09-06,Wright City,1,Webb City,1
2014-09-06,Mountain Grove,0,Webb City,2
2014-09-06,Thayer,0,West Plains,2
2014-09-06,Mountain Grove,1,West Plains,2
2014-09-06,Winona,0,Willard,2
2014-09-06,Green Ridge,0,Willard,2
2014-09-06,Stockton,0,Willard,2
2014-09-08,Kingsville,0,Archie,2
2014-09-08,Clever,2,Ash Grove,0
2014-09-08,Ladue Horton Watkins,2,Barat Academy,0
2014-09-08,Harrisonville,2,Benton,1
2014-09-08,Meadow Heights,0,Bismarck,2
2014-09-08,Hurley,2,Blue Eye,1
2014-09-08,Stockton,2,Bolivar,1
2014-09-08,Hannibal,2,Bowling Green,0
2014-09-08,Union,2,Bradleyville,0
2014-09-08,Hallsville,2,Brookfield,0
2014-09-08,Winona,2,Cabool,0
2014-09-08,Cole Camp,2,California,1
2014-09-08,Richmond,0,Cameron,2
2014-09-08,St. Clair,2,Caruthersville,0
2014-09-08,Southwest (Washburn),2,Cassville,1
2014-09-08,Mexico,0,Centralia,2
2014-09-08,Hayti,2,Charleston,0
2014-09-08,Lafayette County,2,Chillicothe,0
2014-09-08,Holcomb,1,Clarkton,2
2014-09-08,Lesterville,1,Clearwater,2
2014-09-08,Green Ridge,1,Concordia,2
2014-09-08,Bloomfield,0,Dexter,2
2014-09-08,Osage,1,Dixon,2
2014-09-08,South Iron,2,Doniphan,0
2014-09-08,Southwest Early College,2,East (Kansas City),0
2014-09-08,Buffalo,2,Fair Grove,1
2014-09-08,Jefferson City,1,Fatima,2
2014-09-08,Liberal,2,Golden City,0
2014-09-08,Battle,1,Hickman,2
2014-09-08,Licking,2,Houston,0
2014-09-08,Central (St. Joseph),0,Kearney,2
2014-09-08,Crystal City,2,Kingston,1
2014-09-08,Sarcoxie,0,Linn,2
2014-09-08,Riverview Gardens,0,Lutheran North,2
2014-09-08,Miller,0,Marionville,2
2014-09-08,Oak Grove,2,Marshall,0
2014-09-08,Republic,2,Marshfield,0
2014-09-08,Trinity Catholic,2,McCluer,0
2014-09-08,McCluer,1,McCluer North,2
2014-09-08,Clayton,2,McCluer South-Berkeley,0
2014-09-08,Seneca,0,McDonald County,2
2014-09-08,Parkview,0,Monett,2
2014-09-08,Winfield,2,Montgomery County,0
2014-09-08,Pierce City,0,Mt. Vernon,2
2014-09-08,Father Tolton,0,New Haven,2
2014-09-08,Southern Boone,2,North Callaway,0
2014-09-08,Sweet Springs,0,North Pemiscot,2
2014-09-08,Whitfield,2,Notre Dame (St. Louis),0
2014-09-08,O'Hara,0,Notre Dame de Sion,2
2014-09-08,Lathrop,2,Orrick,1
2014-09-08,Lincoln,0,Osceola,2
2014-09-08,Fox,0,Pacific,2
2014-09-08,Liberty North,0,Park Hill,2
2014-09-08,Blue Springs South,2,Park Hill South,0
2014-09-08,Parkway Central,2,Parkway North,0
2014-09-08,Kirkwood,0,Parkway West,2
2014-09-08,Trenton,2,Penney,1
2014-09-08,Fordland,2,Plato,0
2014-09-08,West Platte,2,Plattsburg,0
2014-09-08,Kennett,0,Poplar Bluff,2
2014-09-08,Malden,1,Portageville,2
2014-09-08,Billings,2,Purdy,0
2014-09-08,Versailles,0,Raytown South,2
2014-09-08,Summersville,2,Risco,0
2014-09-08,Webster Groves,2,Ritenour,0
2014-09-08,Green Ridge,0,Santa Fe,2
2014-09-08,Concordia,0,Santa Fe,2
2014-09-08,McAuley Catholic,2,Sarcoxie,0
2014-09-08,Spokane,1,School of the Ozarks,2
2014-09-08,Fredericktown,2,Seneca,0
2014-09-08,Central (New Madrid County),1,Senath-Hornersville,2
2014-09-08,Miami (Amoret),2,Sheldon,0
2014-09-08,Rock Bridge,0,Savannah,2
2014-09-08,Grain Valley,2,Sparta,0
2014-09-08,Nodaway-Holt,0,St. James,2
2014-09-08,Northeast (Kansas City),0,Southeast,2
2014-09-08,Warrenton,2,St. Clair,0
2014-09-08,Mid-Buchanan,2,St. Joseph Christian,1
2014-09-08,Liberty,2,Staley,0
2014-09-08,DeSoto,0,Ste. Genevieve,2
2014-09-08,Skyline,0,Willard,2
2014-09-08,Hillsboro,2,Webb City,1
2014-09-08,Malta Bend,0,Sweet Springs,2
2014-09-08,Eldon,2,Tipton,0
2014-09-08,Ellington,0,Valley,2
2014-09-08,Warrensburg,1,Versailles,2
2014-09-08,Warsaw,1,Viburnum,2
2014-09-08,Incarnate Word Academy,0,Villa Duchesne,2
2014-09-08,Smithton,2,Warsaw,1
2014-09-08,Salem,0,West Plains,2
2014-09-08,Crest Ridge,0,Windsor,2
2014-09-08,Saxony Lutheran,1,Woodland,2
2014-09-08,Richland (Essex),2,Zalma,1
2014-09-09,Brentwood,0,Affton,2
2014-09-09,Father Tolton,2,Battle,0
2014-09-09,Crossroads College Preparatory,0,Bayless,2
2014-09-09,Webb City,2,Belle,0
2014-09-09,Advance,0,Bernie,2
2014-09-09,Trinity Catholic,0,Bishop DuBourg,2
2014-09-09,Eldon,0,Blair Oaks,2
2014-09-09,Bolivar,0,Branson,2
2014-09-09,Adrian,2,Butler,0
2014-09-09,Licking,2,Cabool,1
2014-09-09,North Callaway,0,Calvary Lutheran,2
2014-09-09,Penney,0,Cameron,2
2014-09-09,Lutheran St. Charles,2,Cardinal Ritter,0
2014-09-09,Joplin,2,Carthage,1
2014-09-09,Hayti,2,Caruthersville,0
2014-09-09,Warrensburg,2,Center,0
2014-09-09,Clearwater,0,Central (Park Hills),2
2014-09-09,Central (New Madrid County),0,Charleston,2
2014-09-09,Carrollton,0,Chillicothe,2
2014-09-09,Forsyth,2,Clever,1
2014-09-09,Wellington-Napoleon,1,Concordia,2
2014-09-09,North Pemiscot,2,Cooter,0
2014-09-09,Hurley,0,Crane,2
2014-09-09,St. Vincent,2,Crystal City,0
2014-09-09,Gideon,2,Delta (Deering),0
2014-09-09,Hillsboro,0,DeSoto,2
2014-09-09,Richland (Essex),0,Dexter,2
2014-09-09,New Heights Christian,0,Diamond,2
2014-09-09,Linn,2,Dixon,0
2014-09-09,Bunker,2,Ellington,0
2014-09-09,Winona,2,Eminence,0
2014-09-09,Fatima,2,Eugene,0
2014-09-09,Mehlville,0,Eureka,2
2014-09-09,Sarcoxie,0,Everton,2
2014-09-09,Sparta,2,Excelsior Springs,0
2014-09-09,Conway,0,Fordland,2
2014-09-09,Raymore-Peculiar,2,Fort Osage,0
2014-09-09,Troy Buchanan,0,Francis Howell,2
2014-09-09,Timberland,1,Francis Howell North,2
2014-09-09,Arcadia Valley,2,Fredericktown,1
2014-09-09,Ft. Zumwalt East,2,Ft. Zumwalt South,0
2014-09-09,Francis Howell Central,2,Ft. Zumwalt West,1
2014-09-09,Kirksville,1,Fulton,2
2014-09-09,College Preparatory,0,Gateway,2
2014-09-09,Willard,0,Glendale,2
2014-09-09,Greenfield,1,Golden City,2
2014-09-09,Marshall,0,Grain Valley,2
2014-09-09,Belton,2,Grandview,0
2014-09-09,St. Clair,0,Greenville,2
2014-09-09,Hazelwood East,1,Hazelwood Central,2
2014-09-09,Camdenton,0,Helias Catholic,2
2014-09-09,St. Pius X (Festus),2,Herculaneum,0
2014-09-09,Rock Bridge,2,Hermann,0
2014-09-09,Marshfield,2,Hillcrest,1
2014-09-09,Blue Eye,0,Hollister,2
2014-09-09,Ft. Zumwalt North,0,Holt,2
2014-09-09,Northeast Vernon County,0,Hume,2
2014-09-09,Visitation Academy,2,Incarnate Word Academy,1
2014-09-09,Central (Cape Girardeau),0,Jackson,2
2014-09-09,Liberal,2,Jasper,0
2014-09-09,Grandview (Hillsboro),0,Jefferson (Festus),2
2014-09-09,Rolla,0,Jefferson City,2
2014-09-09,Villa Duchesne,2,John Burroughs,0
2014-09-09,Seneca,0,Kennett,2
2014-09-09,Republic,1,Kickapoo,2
2014-09-09,St. Clair,0,Kingston,2
2014-09-09,Chilhowee,0,Kingsville,2
2014-09-09,Doniphan,2,Koshkonong,0
2014-09-09,Seckman,0,Lafayette (Wildwood),2
2014-09-09,Boonville,2,Lafayette County,0
2014-09-09,Carl Junction,2,Lebanon,0
2014-09-09,Lee's Summit North,0,Lee's Summit,2
2014-09-09,Blue Springs,0,Lee's Summit West,2
2014-09-09,Lawson,2,Lexington,0
2014-09-09,St. Charles,1,Liberty,2
2014-09-09,West Plains,0,Liberty (Mountain View),2
2014-09-09,North Kansas City,2,Liberty North,0
2014-09-09,Fox,0,Lindbergh,2
2014-09-09,Miller,0,Lockwood,2
2014-09-09,Ozark,2,Logan-Rogersville,1
2014-09-09,North Platte,2,Lone Jack,1
2014-09-09,Principia,0,Lutheran South,2
2014-09-09,Clarkton,0,Malden,2
2014-09-09,Northwest (Cedar Hill),2,Marquette,0
2014-09-09,Benton,0,Maryville,2
2014-09-09,Bronaugh,0,McAuley Catholic,2
2014-09-09,McCluer North,2,McCluer,0
2014-09-09,Lesterville,2,Meadow Heights,0
2014-09-09,Wright City,2,Mexico,0
2014-09-09,Drexel,2,Miami (Amoret),0
2014-09-09,Archie,0,Midway,2
2014-09-09,Central (Kansas City),0,Northeast (Kansas City),2
2014-09-09,Willard,2,Northwest (Hughesville),0
2014-09-09,Zalma,2,Oak Ridge,0
2014-09-09,Parkway South,0,Oakville,2
2014-09-09,Holden,0,Odessa,2
2014-09-09,Clinton,0,O'Hara,2
2014-09-09,Bowling Green,0,Orchard Farm,2
2014-09-09,Plattsburg,0,Orrick,2
2014-09-09,Bunceton,1,Otterville,2
2014-09-09,Washington,2,Owensville,0
2014-09-09,Ruskin,0,Park Hill,2
2014-09-09,Blue Springs South,2,Park Hill South,0
2014-09-09,Nixa,2,Parkview,0
2014-09-09,Pattonville,2,Parkway Central,0
2014-09-09,Bishop LeBlond,1,Pembroke Hill,2
2014-09-09,Windsor (Imperial),2,Perryville,1
2014-09-09,East Newton,2,Pierce City,0
2014-09-09,El Dorado Springs,2,Pleasant Hope,0
2014-09-09,Summersville,0,Portageville,2
2014-09-09,Viburnum,2,Potosi,1
2014-09-09,William Chrisman,2,Raytown,0
2014-09-09,Winnetonka,2,Raytown South,0
2014-09-09,Aurora,2,Reeds Spring,0
2014-09-09,Osceola,2,Rich Hill,0
2014-09-09,Bell City,2,Risco,1
2014-09-09,Hazelwood West,2,Riverview Gardens,0
2014-09-09,Pacific,2,Rockwood Summit,1
2014-09-09,Metro,2,Roosevelt,0
2014-09-09,Ursuline Academy,2,Springfield Catholic,0
2014-09-09,Brookfield,0,Savannah,1
2014-09-09,Webb City,0,Seneca,2
2014-09-09,Puxico,2,Sikeston,1
2014-09-09,McKinley Classical Leadership,0,Soldan International Studies,2
2014-09-09,Centralia,1,Southern Boone,2
2014-09-09,Galena,0,Southwest (Washburn),2
2014-09-09,Fair Grove,2,Spokane,0
2014-09-09,Central (Springfield),2,Springfield Catholic,0
2014-09-09,Warrenton,2,St. Charles,0
2014-09-09,Duchesne,0,St. Joseph's Academy,2
2014-09-09,Lutheran (Kansas City),1,St. Paul Lutheran (Concordia),2
2014-09-09,Valle Catholic,2,St. Paul Lutheran (Farmington),0
2014-09-09,Savannah,1,St. Pius X (Kansas City),2
2014-09-09,Oak Park,2,Staley,0
2014-09-09,Notre Dame (Cape Girardeau),2,Ste. Genevieve,0
2014-09-09,Cuba,1,Warsaw,2
2014-09-09,Thayer,0,Wright City,2
2014-09-09,Carnahan,2,West Plains,0
2014-09-09,Crest Ridge,2,Sweet Springs,1
2014-09-09,Purdy,2,Thomas Jefferson Independent Day,0
2014-09-09,Troy Buchanan,0,Timberland,2
2014-09-09,Miller Career Academy,2,Transportation and Law,0
2014-09-09,Montgomery County,0,Tarkio,2
2014-09-09,Hogan Prep Academy Charter,0,University Academy Charter,2
2014-09-09,Hancock,0,Valley Park,2
2014-09-09,Cleveland NJROTC,0,Waynesville,2
2014-09-09,John F. Kennedy,0,Veritas Christian Academy,2
2014-09-09,Marionville,2,Verona,0
2014-09-09,Hallsville,0,Versailles,2
2014-09-09,California,2,Warsaw,0
2014-09-09,Osage,0,Waynesville,2
2014-09-09,Lutheran North,0,Westminster Christian Academy,2
2014-09-09,Cassville,0,Wheaton,2
2014-09-10,Maplewood-Richmond Hts.,0,Bayless,2
2014-09-10,Ursuline Academy,0,Bishop DuBourg,2
2014-09-10,Jennings,0,Brentwood,2
2014-09-10,Lincoln College Prep,2,Central (Kansas City),0
2014-09-10,Brentwood,1,Clayton,2
2014-09-10,Eureka,0,Cor Jesu Academy,2
2014-09-10,McCluer,2,Hazelwood East,0
2014-09-10,Hazelwood Central,0,Incarnate Word Academy,2
2014-09-10,Lafayette (Wildwood),2,Kirkwood,0
2014-09-10,Affton,2,Ladue Horton Watkins,0
2014-09-10,Nerinx Hall,1,Mehlville,2
2014-09-10,Webster Groves,2,MICDS,1
2014-09-10,Cardinal Ritter,2,Normandy Collaborative,0
2014-09-10,St. Vincent,0,Notre Dame (Cape Girardeau),2
2014-09-10,Westminster Christian Academy,2,Notre Dame (St. Louis),1
2014-09-10,Parkway North,0,Parkway West,2
2014-09-10,Bell City,1,Richland (Essex),2
2014-09-10,North County,2,Riverview Gardens,0
2014-09-10,North Technical,2,Riverview Gardens,0
2014-09-10,McCluer South-Berkeley,2,Roosevelt,1
2014-09-10,Santa Fe,2,Sacred Heart,1
2014-09-10,Valle Catholic,0,Saxony Lutheran,2
2014-09-10,Sweet Springs,2,Smithton,0
2014-09-10,Platte County,2,St. Teresa's Academy,0
2014-09-10,Lincoln College Prep,0,West Plains,2
2014-09-10,Metro,2,University City,0
2014-09-11,Ballard,0,Adrian,2
2014-09-11,Leopold,2,Advance,0
2014-09-11,Potosi,0,Arcadia Valley,2
2014-09-11,Hollister,0,Aurora,2
2014-09-11,Forsyth,0,Ava,2
2014-09-11,Viburnum,2,Belle,0
2014-09-11,Chillicothe,0,Bishop LeBlond,2
2014-09-11,North County,2,Bismarck,0
2014-09-11,Lee's Summit,2,Blue Springs South,1
2014-09-11,Fulton,1,Boonville,2
2014-09-11,Tarkio,2,Bourbon,0
2014-09-11,Eminence,2,Bunker,0
2014-09-11,Chadwick,0,Cabool,2
2014-09-11,Blair Oaks,0,California,2
2014-09-11,Chamois,1,Calvary Lutheran,2
2014-09-11,Kickapoo,2,Camdenton,0
2014-09-11,Bishop DuBourg,2,Cardinal Ritter,0
2014-09-11,Reeds Spring,0,Carthage,2
2014-09-11,East Newton,2,Cassville,0
2014-09-11,Bloomfield,1,Central (Cape Girardeau),2
2014-09-11,Buffalo,1,Central (Springfield),2
2014-09-11,New Haven,2,Centralia,0
2014-09-11,Doniphan,2,Charleston,0
2014-09-11,Metro,2,Cleveland NJROTC,0
2014-09-11,Spokane,0,Clever,2
2014-09-11,Warrensburg,2,Clinton,1
2014-09-11,West Plains,2,College Preparatory,0
2014-09-11,Houston,2,Conway,0
2014-09-11,Billings,0,Crane,2
2014-09-11,Archie,1,Crest Ridge,2
2014-09-11,Southwest Early College,0,Cristo Rey,2
2014-09-11,Perryville,2,DeSoto,0
2014-09-11,Bernie,0,Dexter,2
2014-09-11,West Platte,2,East Buchanan,0
2014-09-11,Hallsville,0,Eldon,2
2014-09-11,Parkway South,0,Eureka,2
2014-09-11,St. James,2,Fairfax,1
2014-09-11,Owensville,0,Fatima,2
2014-09-11,Francis Howell North,0,Francis Howell Central,2
2014-09-11,Ft. Zumwalt East,2,Ft. Zumwalt North,0
2014-09-11,Francis Howell,2,Ft. Zumwalt West,1
2014-09-11,Marionville,2,Galena,0
2014-09-11,Herculaneum,2,Grandview (Hillsboro),1
2014-09-11,Mexico,0,Hannibal,2
2014-09-11,Holden,0,Harrisonville,2
2014-09-11,Riverview Gardens,0,Hazelwood Central,2
2014-09-11,Cooter,0,Holcomb,2
2014-09-11,Union,2,Hurley,1
2014-09-11,Verona,0,Jasper,2
2014-09-11,Waynesville,1,Jefferson City,2
2014-09-11,Brentwood,2,Jennings,0
2014-09-11,Visitation Academy,2,John Burroughs,1
2014-09-11,Trinity Catholic,1,John F. Kennedy,2
2014-09-11,Grandview,0,Kearney,2
2014-09-11,Portageville,2,Kennett,1
2014-09-11,Lutheran (Kansas City),2,Kingsville,0
2014-09-11,Trenton,1,Kirksville,2
2014-09-11,Smithton,0,Knob Noster,2
2014-09-11,Otterville,0,La Monte,2
2014-09-11,Ritenour,0,Ladue Horton Watkins,2
2014-09-11,Rich Hill,2,Lakeland,1
2014-09-11,El Dorado Springs,2,Lamar,0
2014-09-11,North Platte,2,Lathrop,0
2014-09-11,Penney,0,Lawson,2
2014-09-11,Lee's Summit West,0,Lee's Summit North,2
2014-09-11,Wentworth Military Academy,0,Lexington,2
2014-09-11,Sheldon,0,Liberal,2
2014-09-11,Ruskin,0,Liberty,2
2014-09-11,Plato,0,Liberty (Mountain View),2
2014-09-11,Salem,0,Licking,2
2014-09-11,Willard,2,Lincoln,0
2014-09-11,Lafayette (Wildwood),1,Lindbergh,0
2014-09-11,Ash Grove,0,Lockwood,2
2014-09-11,Branson,0,Logan-Rogersville,2
2014-09-11,Concordia,2,Lone Jack,0
2014-09-11,Lutheran South,2,Lutheran North,0
2014-09-11,Veritas Christian Academy,0,Lutheran St. Charles,2
2014-09-11,St. Clair,0,Malden,2
2014-09-11,Valley,3,Marquand-Zion,0
2014-09-11,Carrollton,0,Marshall,2
2014-09-11,Lafayette (St. Joseph),1,Maryville,2
2014-09-11,Thomas Jefferson Independent Day,0,McAuley Catholic,2
2014-09-11,Hazelwood East,0,McCluer,2
2014-09-11,Hazelwood West,0,McCluer North,2
2014-09-11,Carl Junction,2,McDonald County,0
2014-09-11,Hume,2,Miami (Amoret),0
2014-09-11,Plattsburg,0,Mid-Buchanan,2
2014-09-11,Soldan International Studies,2,Miller Career Academy,0
2014-09-11,North Callaway,0,Montgomery County,2
2014-09-11,Monett,0,Neosho,2
2014-09-11,Center,0,Nevada,2
2014-09-11,Fox,0,Northwest (Cedar Hill),2
2014-09-11,St. Dominic,2,Notre Dame (St. Louis),0
2014-09-11,Pleasant Hill,2,Oak Grove,1
2014-09-11,Marquette,2,Oakville,0
2014-09-11,Central (New Madrid County),2,Oran,0
2014-09-11,Winfield,2,Orchard Farm,0
2014-09-11,Eugene,1,Osage,2
2014-09-11,Park Hill,0,Park Hill South,2
2014-09-11,Hillcrest,2,Parkview,0
2014-09-11,Clayton,0,Parkway Central,2
2014-09-11,Incarnate Word Academy,2,Pattonville,0
2014-09-11,Grain Valley,2,Pembroke Hill,0
2014-09-11,Central (St. Joseph),0,Platte County,2
2014-09-11,Osceola,2,Pleasant Hope,0
2014-09-11,Sikeston,0,Poplar Bluff,2
2014-09-11,Villa Duchesne,2,Principia,0
2014-09-11,Clearwater,2,Puxico,0
2014-09-11,Blue Springs,2,Raymore-Peculiar,0
2014-09-11,Fort Osage,0,Raytown,2
2014-09-11,Belton,2,Raytown South,0
2014-09-11,Gideon,2,Risco,0
2014-09-11,Joplin,0,Rolla,2
2014-09-11,Father Tolton,2,Sarcoxie,1
2014-09-11,Wheaton,2,Sarcoxie,1
2014-09-11,Cameron,0,Savannah,2
2014-09-11,Mehlville,2,Seckman,0
2014-09-11,North Pemiscot,0,Senath-Hornersville,2
2014-09-11,New Heights Christian,1,Seneca,2
2014-09-11,Drexel,2,Sherwood,0
2014-09-11,Warsaw,0,Skyline,2
2014-09-11,Benton,0,Sparta,2
2014-09-11,Winona,3,South Iron,0
2014-09-11,Lincoln College Prep,2,Southeast,0
2014-09-11,Diamond,1,Southwest (Washburn),2
2014-09-11,Blue Eye,1,Springfield Catholic,2
2014-09-11,St. Charles West,2,St. Charles,0
2014-09-11,Cuba,0,St. Clair,2
2014-09-11,Springfield Catholic,0,St. Joseph's Academy,2
2014-09-11,Cole Camp,0,St. Paul Lutheran (Concordia),2
2014-09-11,Farmington,0,St. Pius X (Festus),2
2014-09-11,Jefferson (Festus),0,St. Vincent,2
2014-09-11,North Kansas City,2,Staley,1
2014-09-11,Mountain Grove,0,Winona,2
2014-09-11,Central (Park Hills),2,Webb City,0
2014-09-11,Troy Buchanan,0,Timberland,2
2014-09-11,Carnahan,2,Transportation and Law,1
2014-09-11,Winnetonka,0,St. Charles,2
2014-09-11,Odessa,2,Versailles,0
2014-09-11,Holt,2,Washington,0
2014-09-11,Richmond,0,Wellington-Napoleon,2
2014-09-11,Lebanon,2,West Plains,0
2014-09-11,Fair Grove,1,Willard,2
2014-09-11,Oak Park,2,William Chrisman,0
2014-09-11,Thayer,0,Willow Springs,2
2014-09-11,Festus,0,Windsor (Imperial),2
2014-09-11,Valley Park,0,Wright City,2
2014-09-11,Woodland,2,Zalma,0
2014-09-12,New Haven,2,Advance,0
2014-09-12,Caruthersville,0,Advance,2
2014-09-12,Kennett,2,Bell City,0
2014-09-12,St. Vincent,0,Bernie,2
2014-09-12,Oak Ridge,0,Bernie,2
2014-09-12,Sweet Springs,0,Bernie,2
2014-09-12,Notre Dame (Cape Girardeau),2,Bismarck,0
2014-09-12,Meadow Heights,0,Bismarck,2
2014-09-12,Clearwater,1,Bloomfield,1
2014-09-12,Clarkton,0,Bloomfield,2
2014-09-12,Valley,1,Bunker,2
2014-09-12,Oak Ridge,0,Campbell,2
2014-09-12,Sweet Springs,1,Campbell,1
2014-09-12,Ft. Zumwalt North,1,Carrollton,2
2014-09-12,Bell City,2,Caruthersville,0
2014-09-12,Leopold,2,Central (Cape Girardeau),0
2014-09-12,Richland (Essex),0,Central (Cape Girardeau),2
2014-09-12,Seneca,2,Central (New Madrid County),0
2014-09-12,Oak Ridge,1,Central (New Madrid County),2
2014-09-12,Cooter,0,Central (Park Hills),2
2014-09-12,Everton,2,Chadwick,0
2014-09-12,Leopold,2,Clarkton,0
2014-09-12,Richland (Essex),0,Clearwater,2
2014-09-12,South Iron,2,Cooter,0
2014-09-12,Valley Park,0,Crossroads College Preparatory,2
2014-09-12,Central (Park Hills),0,Dexter,2
2014-09-12,St. Clair,0,Dexter,2
2014-09-12,Oran,0,Eminence,2
2014-09-12,Westminster Christian Academy,0,Glendale,2
2014-09-12,St. Vincent,2,Greenville,0
2014-09-12,Oak Ridge,1,Greenville,1
2014-09-12,Brentwood,2,Hancock,0
2014-09-12,South Iron,1,Holcomb,1
2014-09-12,Lesterville,1,Jackson,1
2014-09-12,Gideon,0,Jackson,2
2014-09-12,Seneca,0,Lesterville,2
2014-09-12,Bishop DuBourg,0,Lutheran South,2
2014-09-12,Portageville,2,Malden,0
2014-09-12,Eminence,2,Malden,0
2014-09-12,Marquand-Zion,1,Malden,1
2014-09-12,Saxony Lutheran,2,Marquand-Zion,0
2014-09-12,Oran,2,Marquand-Zion,0
2014-09-12,Parkway West,2,Marquette,0
2014-09-12,Trinity Catholic,2,McCluer North,0
2014-09-12,Summersville,0,Meadow Heights,2
2014-09-12,Kennett,2,Meadow Heights,0
2014-09-12,Oakville,0,Nerinx Hall,2
2014-09-12,Westminster Christian Academy,0,Nixa,2
2014-09-12,Calvary Lutheran,0,Notre Dame (Cape Girardeau),2
2014-09-12,New Haven,2,Poplar Bluff,0
2014-09-12,Kennett,1,Poplar Bluff,1
2014-09-12,Saxony Lutheran,2,Portageville,0
2014-09-12,Jefferson (Festus),2,Puxico,0
2014-09-12,Gideon,0,Seckman,2
2014-09-12,Central (New Madrid County),0,Seckman,2
2014-09-12,Woodland,2,Senath-Hornersville,0
2014-09-12,Ellington,0,Senath-Hornersville,2
2014-09-12,Ellington,0,Sikeston,2
2014-09-12,Puxico,1,Sikeston,1
2014-09-12,Zalma,0,Summersville,2
2014-09-12,Holcomb,2,St. Clair,0
2014-09-12,Hazelwood East,2,University City,0
2014-09-12,MICDS,2,Whitfield,0
2014-09-12,John Burroughs,0,Winfield,2
2014-09-12,Jefferson (Festus),2,Woodland,0
2014-09-12,Calvary Lutheran,1,Zalma,1
2014-09-13,Bismarck,2,Advance,0
2014-09-13,Kennett,1,Advance,1
2014-09-13,Woodland,0,Advance,2
2014-09-13,Bernie,2,Advance,0
2014-09-13,Lone Jack,1,Archie,1
2014-09-13,Barstow,2,Archie,0
2014-09-13,Windsor,1,Archie,1
2014-09-13,Sherwood,0,Archie,2
2014-09-13,Monett,0,Ash Grove,2
2014-09-13,Fair Grove,2,Ash Grove,0
2014-09-13,Summit Christian Academy,0,Ash Grove,2
2014-09-13,New Heights Christian,1,Ash Grove,1
2014-09-13,Pierce City,0,Ash Grove,2
2014-09-13,Winona,2,Ava,0
2014-09-13,Liberty (Mountain View),2,Ava,0
2014-09-13,Mountain Grove,1,Ava,1
2014-09-13,Plato,0,Ava,2
2014-09-13,Brentwood,0,Bayless,2
2014-09-13,Lutheran North,0,Bayless,2
2014-09-13,Miller Career Academy,0,Bayless,2
2014-09-13,New Haven,2,Bell City,0
2014-09-13,Calvary Lutheran,2,Bell City,1
2014-09-13,Leopold,2,Bernie,1
2014-09-13,Saxony Lutheran,1,Bernie,2
2014-09-13,New Haven,2,Bernie,1
2014-09-13,Oak Ridge,0,Bernie,2
2014-09-13,Miller,0,Billings,2
2014-09-13,Fair Grove,2,Billings,0
2014-09-13,New Heights Christian,2,Billings,1
2014-09-13,Zalma,0,Bismarck,2
2014-09-13,Central (Park Hills),2,Bismarck,0
2014-09-13,Central (Cape Girardeau),0,Bloomfield,2
2014-09-13,Leopold,1,Bloomfield,0
2014-09-13,South Iron,0,Bloomfield,2
2014-09-13,Greenville,0,Bloomfield,2
2014-09-13,Crane,2,Blue Eye,0
2014-09-13,Lee's Summit West,2,Blue Springs,1
2014-09-13,Kearney,0,Blue Springs,2
2014-09-13,Carl Junction,2,Blue Springs South,1
2014-09-13,Clever,2,Bolivar,0
2014-09-13,El Dorado Springs,1,Bolivar,1
2014-09-13,Conway,1,Bolivar,1
2014-09-13,Viburnum,2,Bourbon,0
2014-09-13,Herculaneum,2,Bourbon,0
2014-09-13,Miller Career Academy,0,Brentwood,2
2014-09-13,Lutheran North,0,Brentwood,2
2014-09-13,North County,0,Brentwood,2
2014-09-13,McAuley Catholic,2,Bronaugh,0
2014-09-13,Pleasant Hope,2,Bronaugh,0
2014-09-13,Sheldon,0,Bronaugh,2
2014-09-13,Thomas Jefferson Independent Day,0,Bronaugh,2
2014-09-13,Lincoln,0,Buffalo,2
2014-09-13,Clever,0,Buffalo,2
2014-09-13,Bolivar,0,Buffalo,2
2014-09-13,El Dorado Springs,0,Buffalo,2
2014-09-13,Koshkonong,0,Buffalo,2
2014-09-13,Willow Springs,1,Cabool,1
2014-09-13,Salem,0,Cabool,2
2014-09-13,Wright City,0,Cabool,2
2014-09-13,Thayer,0,Cabool,2
2014-09-13,Mountain Grove,2,Cabool,0
2014-09-13,Nixa,2,Camdenton,0
2014-09-13,Glendale,2,Camdenton,0
2014-09-13,Westminster Christian Academy,1,Camdenton,1
2014-09-13,St. Joseph's Academy,2,Camdenton,0
2014-09-13,Mid-Buchanan,1,Cameron,2
2014-09-13,Wellington-Napoleon,1,Cameron,1
2014-09-13,St. James,2,Cameron,0
2014-09-13,Lathrop,0,Cameron,2
2014-09-13,Richmond,0,Cameron,2
2014-09-13,St. Vincent,2,Campbell,0
2014-09-13,Richland (Essex),0,Campbell,2
2014-09-13,St. Teresa's Academy,1,Carl Junction,2
2014-09-13,Excelsior Springs,2,Carrollton,0
2014-09-13,Chillicothe,2,Carrollton,0
2014-09-13,Penney,0,Carrollton,2
2014-09-13,Koshkonong,0,Carthage,2
2014-09-13,Poplar Bluff,2,Caruthersville,0
2014-09-13,Zalma,1,Caruthersville,2
2014-09-13,Clarkton,2,Caruthersville,0
2014-09-13,Wheaton,0,Cassville,2
2014-09-13,Verona,2,Cassville,0
2014-09-13,Winona,2,Cassville,0
2014-09-13,Southwest (Washburn),1,Cassville,1
2014-09-13,William Chrisman,2,Center,0
2014-09-13,St. Charles,2,Center,0
2014-09-13,Raytown,2,Center,0
2014-09-13,Grandview,0,Center,2
2014-09-13,Kennett,2,Central (Cape Girardeau),0
2014-09-13,Oak Ridge,1,Central (New Madrid County),2
2014-09-13,Cooter,0,Central (New Madrid County),2
2014-09-13,Clarkton,2,Central (New Madrid County),0
2014-09-13,Holcomb,0,Central (Park Hills),2
2014-09-13,Saxony Lutheran,0,Central (Park Hills),2
2014-09-13,Leopold,1,Central (Park Hills),2
2014-09-13,Sacred Heart,1,Central (Springfield),2
2014-09-13,Notre Dame de Sion,1,Central (Springfield),1
2014-09-13,Willard,2,Central (Springfield),0
2014-09-13,Raytown South,0,Central (St. Joseph),2
2014-09-13,Odessa,1,Central (St. Joseph),1
2014-09-13,Marshall,0,Central (St. Joseph),2
2014-09-13,Harrisonville,2,Central (St. Joseph),1
2014-09-13,Hallsville,1,Centralia,1
2014-09-13,Sarcoxie,0,Centralia,2
2014-09-13,Tipton,0,Centralia,2
2014-09-13,Excelsior Springs,2,Chillicothe,0
2014-09-13,Lawson,2,Chillicothe,0
2014-09-13,Penney,0,Chillicothe,2
2014-09-13,Richland (Essex),0,Clarkton,2
2014-09-13,Leopold,1,Clearwater,1
2014-09-13,Jefferson (Festus),2,Clearwater,0
2014-09-13,New Haven,2,Clearwater,0
2014-09-13,Lincoln,0,Clever,2
2014-09-13,El Dorado Springs,2,Clever,0
2014-09-13,Marquand-Zion,0,Cooter,2
2014-09-13,Winona,2,Crane,0
2014-09-13,Southwest (Washburn),0,Crane,2
2014-09-13,La Monte,2,Crest Ridge,0
2014-09-13,St. James,1,Crystal City,1
2014-09-13,Warsaw,1,Crystal City,1
2014-09-13,Herculaneum,2,Crystal City,0
2014-09-13,Cuba,2,Crystal City,0
2014-09-13,Viburnum,2,Cuba,0
2014-09-13,Herculaneum,0,Cuba,2
2014-09-13,South Iron,0,Dexter,2
2014-09-13,Eminence,0,Dexter,2
2014-09-13,Notre Dame (Cape Girardeau),0,Dexter,2
2014-09-13,Central (Park Hills),0,Dexter,2
2014-09-13,St. Vincent,0,Dexter,2
2014-09-13,Wellington-Napoleon,2,East Buchanan,0
2014-09-13,St. James,2,East Buchanan,0
2014-09-13,Lathrop,1,East Buchanan,1
2014-09-13,Cameron,2,East Buchanan,0
2014-09-13,Conway,0,El Dorado Springs,2
2014-09-13,Jefferson (Festus),2,Ellington,0
2014-09-13,Saxony Lutheran,1,Eminence,1
2014-09-13,New Haven,2,Eminence,1
2014-09-13,Lesterville,0,Eminence,2
2014-09-13,Penney,0,Excelsior Springs,2
2014-09-13,Bishop LeBlond,2,Excelsior Springs,0
2014-09-13,McAuley Catholic,2,Exeter,0
2014-09-13,Pleasant Hope,1,Exeter,2
2014-09-13,Sheldon,0,Exeter,2
2014-09-13,Thomas Jefferson Independent Day,0,Exeter,2
2014-09-13,Summit Christian Academy,2,Fair Grove,1
2014-09-13,Pierce City,0,Fair Grove,2
2014-09-13,Miller,0,Fair Grove,2
2014-09-13,Blue Eye,0,Farmington,2
2014-09-13,Crane,2,Farmington,0
2014-09-13,Winona,2,Farmington,0
2014-09-13,Wheaton,1,Forsyth,1
2014-09-13,Southwest (Washburn),2,Forsyth,0
2014-09-13,Blue Eye,2,Forsyth,0
2014-09-13,Portageville,2,Gideon,0
2014-09-13,Seneca,0,Gideon,2
2014-09-13,Sweet Springs,0,Gideon,2
2014-09-13,Nixa,1,Glendale,1
2014-09-13,Kickapoo,0,Glendale,2
2014-09-13,Westminster Christian Academy,0,Glendale,2
2014-09-13,Viburnum,2,Grandview (Hillsboro),0
2014-09-13,Bourbon,0,Grandview (Hillsboro),2
2014-09-13,Herculaneum,2,Grandview (Hillsboro),0
2014-09-13,Warsaw,2,Grandview (Hillsboro),0
2014-09-13,Buffalo,2,Greenfield,0
2014-09-13,Clever,2,Greenfield,0
2014-09-13,Koshkonong,0,Greenfield,2
2014-09-13,Lincoln,0,Greenfield,2
2014-09-13,Conway,2,Greenfield,1
2014-09-13,Holcomb,0,Greenville,2
2014-09-13,Oak Ridge,1,Greenville,1
2014-09-13,Sweet Springs,0,Greenville,2
2014-09-13,Oran,0,Greenville,2
2014-09-13,Puxico,0,Greenville,2
2014-09-13,Sarcoxie,1,Hallsville,1
2014-09-13,Tipton,1,Hallsville,1
2014-09-13,William Chrisman,2,Harrisonville,0
2014-09-13,Odessa,2,Harrisonville,0
2014-09-13,Ruskin,0,Harrisonville,2
2014-09-13,Viburnum,2,Herculaneum,0
2014-09-13,Sacred Heart,1,Hillcrest,1
2014-09-13,Waynesville,1,Hillcrest,1
2014-09-13,Stockton,0,Hillcrest,2
2014-09-13,Notre Dame de Sion,2,Hillcrest,0
2014-09-13,Willard,2,Hillcrest,0
2014-09-13,Portageville,2,Holcomb,0
2014-09-13,Sweet Springs,0,Holcomb,2
2014-09-13,Meadow Heights,1,Holcomb,2
2014-09-13,Wright City,0,Holt,2
2014-09-13,Orchard Farm,0,Holt,2
2014-09-13,Montgomery County,0,Holt,2
2014-09-13,Central (New Madrid County),0,Jackson,2
2014-09-13,Bismarck,2,Jackson,1
2014-09-13,Woodland,0,Jackson,2
2014-09-13,Central (Springfield),1,Joplin,1
2014-09-13,Willard,2,Joplin,0
2014-09-13,Notre Dame de Sion,2,Joplin,0
2014-09-13,St. Joseph's Academy,0,Kickapoo,2
2014-09-13,Republic,0,Kickapoo,2
2014-09-13,Bishop LeBlond,2,Kirksville,0
2014-09-13,Lawson,2,Kirksville,0
2014-09-13,Savannah,2,Kirksville,0
2014-09-13,Richmond,0,Kirksville,2
2014-09-13,El Dorado Springs,2,Koshkonong,0
2014-09-13,Bolivar,2,Koshkonong,0
2014-09-13,Lincoln,2,Koshkonong,0
2014-09-13,Father Tolton,2,La Monte,0
2014-09-13,Rock Bridge,2,Ladue Horton Watkins,0
2014-09-13,Northwest (Cedar Hill),2,Ladue Horton Watkins,0
2014-09-13,Mehlville,2,Ladue Horton Watkins,0
2014-09-13,Webster Groves,2,Ladue Horton Watkins,0
2014-09-13,Parkway Central,0,Ladue Horton Watkins,2
2014-09-13,Kearney,0,Lafayette (Wildwood),2
2014-09-13,Ozark,2,Lafayette (Wildwood),1
2014-09-13,Wellington-Napoleon,1,Lathrop,1
2014-09-13,St. James,2,Lathrop,0
2014-09-13,Bishop LeBlond,1,Lawson,1
2014-09-13,Richmond,0,Lawson,2
2014-09-13,Park Hill South,1,Lee's Summit,1
2014-09-13,Fort Osage,0,Lee's Summit,2
2014-09-13,North Kansas City,0,Lee's Summit,2
2014-09-13,Staley,2,Lee's Summit,0
2014-09-13,Parkway North,0,Lee's Summit,2
2014-09-13,St. Vincent,2,Lesterville,0
2014-09-13,Winona,0,Liberty (Mountain View),2
2014-09-13,Mountain Grove,0,Liberty (Mountain View),2
2014-09-13,Plato,0,Liberty (Mountain View),2
2014-09-13,Thayer,0,Liberty (Mountain View),2
2014-09-13,Wright City,0,Liberty (Mountain View),2
2014-09-13,Sherwood,0,Lone Jack,2
2014-09-13,Windsor,1,Lone Jack,1
2014-09-13,St. Clair,1,Malden,2
2014-09-13,Campbell,0,Malden,2
2014-09-13,Calvary Lutheran,0,Malden,2
2014-09-13,Clarkton,0,Malden,2
2014-09-13,Marquand-Zion,1,Malden,1
2014-09-13,Richmond,0,Maryville,2
2014-09-13,Calvary Lutheran,0,Meadow Heights,2
2014-09-13,Kennett,2,Meadow Heights,0
2014-09-13,Rock Bridge,0,Mehlville,2
2014-09-13,Tarkio,0,Mehlville,2
2014-09-13,MICDS,1,Mehlville,1
2014-09-13,Rockwood Summit,2,Mehlville,0
2014-09-13,Lift for Life Academy Charter,0,Mehlville,2
2014-09-13,Lift for Life Academy Charter,0,MICDS,2
2014-09-13,North Platte,2,Mid-Buchanan,0
2014-09-13,Plattsburg,0,Mid-Buchanan,2
2014-09-13,Orrick,1,Mid-Buchanan,1
2014-09-13,Summit Christian Academy,2,Miller,0
2014-09-13,Lutheran North,2,Miller Career Academy,0
2014-09-13,North County,2,Miller Career Academy,0
2014-09-13,Fair Grove,2,Monett,0
2014-09-13,Miller,2,Monett,0
2014-09-13,Billings,2,Monett,0
2014-09-13,Wright City,2,Montgomery County,0
2014-09-13,Orchard Farm,2,Montgomery County,0
2014-09-13,Winona,2,Mountain Grove,0
2014-09-13,Wright City,1,Mountain Grove,2
2014-09-13,Plato,0,Mountain Grove,2
2014-09-13,Notre Dame (Cape Girardeau),2,New Haven,0
2014-09-13,Summit Christian Academy,1,New Heights Christian,1
2014-09-13,Westminster Christian Academy,0,Nixa,2
2014-09-13,Park Hill South,2,North Kansas City,0
2014-09-13,Fort Osage,1,North Kansas City,1
2014-09-13,Winnetonka,2,North Kansas City,1
2014-09-13,Orrick,2,North Platte,0
2014-09-13,Plattsburg,0,North Platte,2
2014-09-13,Wellington-Napoleon,2,North Platte,1
2014-09-13,St. James,1,North Platte,2
2014-09-13,Rock Bridge,1,Northwest (Cedar Hill),1
2014-09-13,Webster Groves,1,Northwest (Cedar Hill),1
2014-09-13,Parkway Central,0,Northwest (Cedar Hill),2
2014-09-13,Rockwood Summit,0,Northwest (Cedar Hill),2
2014-09-13,Jefferson (Festus),0,Notre Dame (Cape Girardeau),2
2014-09-13,La Monte,0,Oak Grove,2
2014-09-13,Raymore-Peculiar,0,Oak Park,2
2014-09-13,St. Pius X (Kansas City),2,Oak Park,0
2014-09-13,Parkway North,0,Oak Park,2
2014-09-13,Fort Osage,0,Oak Park,2
2014-09-13,Park Hill,2,Oak Park,1
2014-09-13,St. Charles,2,Odessa,0
2014-09-13,Marshall,0,Odessa,2
2014-09-13,Raytown South,0,Odessa,2
2014-09-13,Raytown,0,Odessa,2
2014-09-13,Portageville,2,Oran,0
2014-09-13,South Iron,2,Oran,0
2014-09-13,Wright City,2,Orchard Farm,1
2014-09-13,St. James,2,Orrick,0
2014-09-13,Plattsburg,2,Orrick,0
2014-09-13,St. Teresa's Academy,1,Ozark,2
2014-09-13,Winnetonka,1,Park Hill,1
2014-09-13,Staley,2,Park Hill,0
2014-09-13,Sparta,0,Park Hill,2
2014-09-13,St. Pius X (Kansas City),2,Park Hill,0
2014-09-13,Fort Osage,0,Park Hill South,2
2014-09-13,Raymore-Peculiar,2,Park Hill South,1
2014-09-13,Rock Bridge,2,Parkway Central,0
2014-09-13,Webster Groves,2,Parkway Central,0
2014-09-13,Raymore-Peculiar,2,Parkway North,0
2014-09-13,St. Pius X (Kansas City),2,Parkway North,0
2014-09-13,New Heights Christian,1,Pierce City,1
2014-09-13,Summit Christian Academy,2,Pierce City,0
2014-09-13,Winona,2,Plato,0
2014-09-13,Thomas Jefferson Independent Day,0,Pleasant Hope,2
2014-09-13,Summersville,0,Poplar Bluff,2
2014-09-13,Seckman,0,Poplar Bluff,2
2014-09-13,Bloomfield,0,Poplar Bluff,2
2014-09-13,Portageville,2,Poplar Bluff,1
2014-09-13,Kennett,1,Portageville,2
2014-09-13,Summersville,0,Puxico,2
2014-09-13,St. Pius X (Kansas City),1,Raymore-Peculiar,1
2014-09-13,Sparta,0,Raymore-Peculiar,2
2014-09-13,Staley,2,Raymore-Peculiar,0
2014-09-13,St. Charles,2,Raytown,0
2014-09-13,Grandview,0,Raytown,2
2014-09-13,Marshall,2,Raytown,0
2014-09-13,Marshall,2,Raytown South,0
2014-09-13,Ruskin,0,Raytown South,2
2014-09-13,Grandview,0,Raytown South,2
2014-09-13,St. Joseph's Academy,1,Republic,1
2014-09-13,Bishop LeBlond,2,Richmond,0
2014-09-13,Tarkio,1,Rockwood Summit,1
2014-09-13,MICDS,2,Rockwood Summit,0
2014-09-13,Lift for Life Academy Charter,0,Rockwood Summit,2
2014-09-13,William Chrisman,2,Ruskin,0
2014-09-13,Tipton,1,Sarcoxie,1
2014-09-13,Willow Springs,2,Salem,0
2014-09-13,Thayer,1,Salem,1
2014-09-13,Wright City,2,Salem,0
2014-09-13,Calvary Lutheran,2,Seneca,0
2014-09-13,Ellington,0,Seneca,2
2014-09-13,Lesterville,1,Seckman,1
2014-09-13,Puxico,0,Seckman,2
2014-09-13,Puxico,2,Senath-Hornersville,0
2014-09-13,Clarkton,2,Senath-Hornersville,0
2014-09-13,McAuley Catholic,2,Sheldon,0
2014-09-13,Windsor,2,Sherwood,0
2014-09-13,Woodland,2,Sikeston,0
2014-09-13,Central (Cape Girardeau),2,Sikeston,1
2014-09-13,Meadow Heights,2,Sikeston,0
2014-09-13,Richmond,0,Savannah,2
2014-09-13,Staley,2,Sparta,0
2014-09-13,Wellington-Napoleon,2,St. James,0
2014-09-13,Notre Dame (Cape Girardeau),2,Summersville,0
2014-09-13,Wheaton,0,Southwest (Washburn),2
2014-09-13,Verona,2,Southwest (Washburn),0
2014-09-13,Winona,2,Southwest (Washburn),0
2014-09-13,Westminster Christian Academy,0,St. Joseph's Academy,2
2014-09-13,Cuba,2,St. James,0
2014-09-13,Warsaw,2,St. James,0
2014-09-13,Staley,2,St. Pius X (Kansas City),0
2014-09-13,Viburnum,2,Warsaw,1
2014-09-13,Cuba,1,Warsaw,1
2014-09-13,Grandview,0,Warsaw,2
2014-09-13,Sacred Heart,1,Stockton,1
2014-09-13,Willow Springs,1,Wright City,1
2014-09-13,Thayer,0,Wright City,2
2014-09-13,Barstow,2,Sweet Springs,0
2014-09-13,Willow Springs,2,Thayer,0
2014-09-13,Mid-Buchanan,1,Trenton,1
2014-09-13,Orrick,1,Trenton,1
2014-09-13,North Platte,2,Trenton,0
2014-09-13,Plattsburg,1,Trenton,1
2014-09-13,William Chrisman,1,St. Charles,2
2014-09-13,Grandview,0,St. Charles,2
2014-09-13,Marshall,0,St. Charles,2
2014-09-13,Cooter,0,St. Clair,2
2014-09-13,Rock Bridge,2,Tarkio,0
2014-09-13,Lift for Life Academy Charter,0,Tarkio,2
2014-09-13,MICDS,2,Tarkio,0
2014-09-13,Barstow,2,Versailles,0
2014-09-13,Sweet Springs,1,Versailles,1
2014-09-13,Winona,2,Verona,0
2014-09-13,Sacred Heart,0,Waynesville,2
2014-09-13,Willard,1,Waynesville,2
2014-09-13,Notre Dame de Sion,0,Waynesville,2
2014-09-13,Stockton,0,Waynesville,2
2014-09-13,Rock Bridge,1,Webster Groves,1
2014-09-13,MICDS,1,Webster Groves,2
2014-09-13,Notre Dame de Sion,2,Willard,0
2014-09-13,Sparta,1,Winnetonka,1
2014-09-13,Staley,2,Winnetonka,0
2014-09-13,St. Pius X (Kansas City),2,Winnetonka,0
2014-09-14,Jennings,0,McCluer,2
2014-09-15,Lamar,0,Adrian,2
2014-09-15,Notre Dame (Cape Girardeau),2,Advance,0
2014-09-15,Crossroads College Preparatory,0,Affton,2
2014-09-15,Lutheran North,0,Bayless,2
2014-09-15,Puxico,2,Bell City,0
2014-09-15,Chillicothe,0,Benton,2
2014-09-15,Poplar Bluff,1,Bernie,2
2014-09-15,Wheaton,0,Billings,2
2014-09-15,Sikeston,0,Bloomfield,2
2014-09-15,Winnetonka,0,Blue Springs,2
2014-09-15,Eldon,1,Boonville,2
2014-09-15,McCluer South-Berkeley,2,Cardinal Ritter,0
2014-09-15,Summersville,0,Central (New Madrid County),2
2014-09-15,California,2,Centralia,0
2014-09-15,Spokane,2,Chadwick,0
2014-09-15,Windsor,2,Chilhowee,0
2014-09-15,McKinley Classical Leadership,2,Cleveland NJROTC,1
2014-09-15,Hayti,2,Cooter,1
2014-09-15,Fredericktown,0,Crystal City,2
2014-09-15,Tarkio,1,Cuba,1
2014-09-15,St. Joseph Christian,0,East Buchanan,2
2014-09-15,Willow Springs,0,Eminence,2
2014-09-15,Jasper,2,Everton,0
2014-09-15,Grandview,0,Fort Osage,2
2014-09-15,Kirkwood,2,Francis Howell North,0
2014-09-15,Senath-Hornersville,1,Gideon,2
2014-09-15,Osceola,0,Green Ridge,2
2014-09-15,Marshall,0,Hannibal,2
2014-09-15,Hickman,0,Hermann,2
2014-09-15,Perryville,2,Hillsboro,0
2014-09-15,Bronaugh,0,Hume,2
2014-09-15,Central (Park Hills),2,Jackson,0
2014-09-15,Lebanon,2,Jefferson City,0
2014-09-15,McCluer,2,Jennings,0
2014-09-15,Concordia,2,Kingsville,0
2014-09-15,Bishop LeBlond,2,Lathrop,0
2014-09-15,Richmond,0,Lawson,2
2014-09-15,Park Hill,0,Lee's Summit North,2
2014-09-15,Orrick,2,Lexington,0
2014-09-15,St. James,0,Licking,2
2014-09-15,Eugene,0,Linn,2
2014-09-15,Whitfield,0,Lutheran South,2
2014-09-15,Risco,0,Malden,2
2014-09-15,La Monte,2,Malta Bend,1
2014-09-15,Pierce City,2,Marionville,0
2014-09-15,Liberal,2,McAuley Catholic,0
2014-09-15,Riverview Gardens,0,McCluer,2
2014-09-15,North Technical,0,McCluer North,2
2014-09-15,Cassville,0,McDonald County,2
2014-09-15,Ladue Horton Watkins,1,Mehlville,2
2014-09-15,Fulton,2,Mexico,0
2014-09-15,Crane,2,Monett,0
2014-09-15,Ash Grove,0,Mt. Vernon,2
2014-09-15,Seneca,0,Neosho,2
2014-09-15,Herculaneum,0,North County,2
2014-09-15,Campbell,2,North Pemiscot,0
2014-09-15,St. James,2,North Platte,1
2014-09-15,Knob Noster,0,Oak Grove,2
2014-09-15,Park Hill South,0,Oak Park,2
2014-09-15,Belton,0,O'Hara,2
2014-09-15,Buffalo,2,Osage,0
2014-09-15,Lincoln,2,Otterville,0
2014-09-15,Montgomery County,1,Owensville,2
2014-09-15,Ursuline Academy,0,Parkway West,2
2014-09-15,Dixon,2,Plato,0
2014-09-15,St. Pius X (Kansas City),0,Pleasant Hill,2
2014-09-15,St. Clair,0,Portageville,2
2014-09-15,Webb City,2,Potosi,1
2014-09-15,Fatima,0,Rock Bridge,2
2014-09-15,Sweet Springs,1,Santa Fe,2
2014-09-15,Oak Ridge,0,Saxony Lutheran,3
2014-09-15,Thomas Jefferson Independent Day,2,Sheldon,0
2014-09-15,Lakeland,0,Sherwood,3
2014-09-15,Blue Eye,2,Southwest (Washburn),1
2014-09-15,Conway,0,Springfield Catholic,2
2014-09-15,Francis Howell Central,0,St. Dominic,2
2014-09-15,New Haven,1,St. Joseph's Academy,2
2014-09-15,Marshfield,1,Winona,2
2014-09-15,Warsaw,2,Tipton,0
2014-09-15,Springfield Catholic,2,Trinity Catholic,0
2014-09-15,Southeast,0,University Academy Charter,2
2014-09-15,St. Vincent,2,Valle Catholic,0
2014-09-15,Veritas Christian Academy,0,Valley Park,2
2014-09-15,Cole Camp,2,Versailles,0
2014-09-15,Valley,1,Viburnum,2
2014-09-15,Westminster Christian Academy,2,Visitation Academy,1
2014-09-15,Jefferson (Festus),2,West County,1
2014-09-15,Dexter,2,Woodland,0
2014-09-15,Warrenton,2,Wright City,1
2014-09-15,Marquand-Zion,1,Zalma,3
2014-09-16,Midway,2,Adrian,0
2014-09-16,Jefferson (Festus),2,Arcadia Valley,1
2014-09-16,Lakeland,2,Ballard,1
2014-09-16,Brentwood,2,Bayless,0
2014-09-16,Barat Academy,0,Bishop DuBourg,2
2014-09-16,Sparta,0,Bishop LeBlond,2
2014-09-16,Centralia,0,Blair Oaks,2
2014-09-16,Lee's Summit North,2,Blue Springs South,0
2014-09-16,Hillcrest,1,Branson,2
2014-09-16,Miami (Amoret),0,Bronaugh,2
2014-09-16,Stockton,0,Buffalo,2
2014-09-16,Summit Christian Academy,3,Butler,0
2014-09-16,College Preparatory,1,Carnahan,2
2014-09-16,Portageville,2,Caruthersville,0
2014-09-16,Versailles,0,Center,2
2014-09-16,Cristo Rey,2,Central (Kansas City),0
2014-09-16,Central (Cape Girardeau),2,Central (New Madrid County),0
2014-09-16,Liberty,2,Central (St. Joseph),0
2014-09-16,St. Clair,2,Charleston,1
2014-09-16,Lakeland,2,Chilhowee,1
2014-09-16,Ballard,0,Chilhowee,2
2014-09-16,Gideon,2,Cooter,0
2014-09-16,Seneca,0,Crane,2
2014-09-16,Santa Fe,2,Crest Ridge,0
2014-09-16,Hancock,0,Crossroads College Preparatory,2
2014-09-16,Hayti,2,Delta (Deering),0
2014-09-16,Farmington,2,DeSoto,0
2014-09-16,Richland (Essex),0,Dexter,2
2014-09-16,Liberal,0,Diamond,2
2014-09-16,Rich Hill,0,Drexel,2
2014-09-16,Trinity Catholic,0,Duchesne,2
2014-09-16,Northeast (Kansas City),0,East (Kansas City),2
2014-09-16,Wheaton,0,East Newton,2
2014-09-16,Bolivar,0,El Dorado Springs,2
2014-09-16,Odessa,2,Excelsior Springs,0
2014-09-16,Springfield Catholic,0,Fair Grove,2
2014-09-16,Montgomery County,2,Father Tolton,0
2014-09-16,School of the Ozarks,2,Fordland,1
2014-09-16,Francis Howell,2,Francis Howell North,0
2014-09-16,Woodland,2,Fredericktown,1
2014-09-16,Washington,2,Ft. Zumwalt East,0
2014-09-16,Ft. Zumwalt South,0,Ft. Zumwalt North,2
2014-09-16,Bowling Green,0,Fulton,2
2014-09-16,Clever,2,Galena,0
2014-09-16,Logan-Rogersville,2,Glendale,0
2014-09-16,Harrisonville,1,Grain Valley,2
2014-09-16,Eugene,2,Hallsville,0
2014-09-16,Boonville,1,Hannibal,2
2014-09-16,McCluer North,2,Hazelwood East,0
2014-09-16,Hazelwood Central,0,Hazelwood West,2
2014-09-16,Pacific,1,Hermann,2
2014-09-16,St. Paul Lutheran (Concordia),2,Hickman,0
2014-09-16,Windsor (Imperial),2,Hillsboro,0
2014-09-16,Malden,2,Holcomb,0
2014-09-16,Marionville,0,Hollister,2
2014-09-16,Cabool,2,Houston,0
2014-09-16,Sarcoxie,0,Jasper,2
2014-09-16,Battle,0,Jefferson City,2
2014-09-16,Lebanon,2,Jefferson City,0
2014-09-16,University City,1,Jennings,2
2014-09-16,John Burroughs,1,John F. Kennedy,1
2014-09-16,Webb City,0,Joplin,2
2014-09-16,Platte County,2,Kearney,0
2014-09-16,Warsaw,2,Kingston,0
2014-09-16,Mexico,0,Kirksville,2
2014-09-16,Ritenour,0,Kirkwood,2
2014-09-16,Holden,2,Knob Noster,1
2014-09-16,Northwest (Cedar Hill),1,Lafayette (Wildwood),2
2014-09-16,Carrollton,0,Lafayette County,2
2014-09-16,Raymore-Peculiar,0,Lee's Summit,2
2014-09-16,Bismarck,2,Lesterville,0
2014-09-16,Richmond,0,Lexington,2
2014-09-16,Oakville,2,Lindbergh,0
2014-09-16,Belle,0,Linn,2
2014-09-16,Golden City,0,Lockwood,2
2014-09-16,Concordia,2,Lutheran (Kansas City),0
2014-09-16,Visitation Academy,0,Lutheran St. Charles,2
2014-09-16,Bunceton,0,Malta Bend,2
2014-09-16,Principia,2,Maplewood-Richmond Hts.,1
2014-09-16,Aurora,2,Marshfield,1
2014-09-16,Cleveland NJROTC,0,McCluer South-Berkeley,2
2014-09-16,Marquette,2,Mehlville,1
2014-09-16,Gateway,0,Metro,2
2014-09-16,Lafayette (St. Joseph),0,Mid-Buchanan,2
2014-09-16,Roosevelt,1,Miller Career Academy,2
2014-09-16,Willow Springs,0,Mountain Grove,2
2014-09-16,McDonald County,1,Neosho,2
2014-09-16,Clinton,0,Nevada,2
2014-09-16,Pierce City,0,New Heights Christian,2
2014-09-16,Camdenton,0,Nixa,2
2014-09-16,Viburnum,0,North County,2
2014-09-16,Cristo Rey,2,Northeast (Kansas City),0
2014-09-16,Cole Camp,2,Northwest (Hughesville),0
2014-09-16,Fort Osage,0,Oak Park,2
2014-09-16,Greenville,2,Oak Ridge,0
2014-09-16,St. Charles,1,Orchard Farm,2
2014-09-16,Lawson,2,Orrick,1
2014-09-16,Archie,0,Osceola,2
2014-09-16,Calvary Lutheran,2,Otterville,0
2014-09-16,Kickapoo,1,Ozark,2
2014-09-16,Seckman,0,Parkway South,2
2014-09-16,Parkway North,2,Pattonville,0
2014-09-16,Benton,1,Pembroke Hill,2
2014-09-16,Festus,0,Perryville,2
2014-09-16,St. James,2,Plattsburg,0
2014-09-16,Barstow,0,Pleasant Hill,2
2014-09-16,Exeter,0,Purdy,2
2014-09-16,North Kansas City,2,Raytown South,0
2014-09-16,Cassville,0,Reeds Spring,2
2014-09-16,Parkview,0,Republic,2
2014-09-16,McCluer,2,Riverview Gardens,0
2014-09-16,Maryville,2,Rock Port,0
2014-09-16,Webster Groves,2,Rockwood Summit,1
2014-09-16,Helias Catholic,2,Rolla,0
2014-09-16,St. Charles,2,Ruskin,0
2014-09-16,Osage,2,Sarcoxie,1
2014-09-16,Lincoln,0,Sacred Heart,2
2014-09-16,Liberty (Mountain View),2,Salem,0
2014-09-16,Oran,0,Seneca,2
2014-09-16,Jackson,2,Sikeston,0
2014-09-16,Ash Grove,2,Skyline,0
2014-09-16,O'Hara,2,Savannah,0
2014-09-16,La Monte,1,Smithton,0
2014-09-16,Transportation and Law,0,Soldan International Studies,2
2014-09-16,Versailles,0,Southern Boone,2
2014-09-16,Verona,0,Southwest (Washburn),2
2014-09-16,Conway,0,Union,2
2014-09-16,Webb City,2,St. Clair,0
2014-09-16,Owensville,2,St. James,1
2014-09-16,Ste. Genevieve,0,St. Pius X (Festus),2
2014-09-16,Grandview (Hillsboro),0,St. Vincent,2
2014-09-16,Raytown,0,Staley,2
2014-09-16,Green Ridge,1,Willard,2
2014-09-16,Pleasant Hope,0,Winona,2
2014-09-16,Winona,2,Wright City,0
2014-09-16,Wellington-Napoleon,2,Sweet Springs,0
2014-09-16,Ava,2,Thayer,0
2014-09-16,Francis Howell Central,0,Timberland,2
2014-09-16,Windsor,2,Tipton,0
2014-09-16,Penney,0,Trenton,2
2014-09-16,Ft. Zumwalt West,2,Troy Buchanan,0
2014-09-16,New Haven,2,Tarkio,0
2014-09-16,Marquand-Zion,0,Valley,3
2014-09-16,West Plains,0,Waynesville,2
2014-09-16,MICDS,0,Villa Duchesne,2
2014-09-16,St. Pius X (Kansas City),2,Warrensburg,0
2014-09-16,Central (Springfield),0,Waynesville,2
2014-09-16,Nodaway-Holt,0,West Platte,2
2014-09-16,Lebanon,0,Willard,2
2014-09-16,Liberty North,0,William Chrisman,2
2014-09-16,Warrenton,0,Winfield,2
2014-09-16,Grandview,0,Winnetonka,2
2014-09-17,Notre Dame (St. Louis),0,Affton,2
2014-09-17,John F. Kennedy,2,Brentwood,0
2014-09-17,Glendale,2,Camdenton,0
2014-09-17,McCluer South-Berkeley,2,Cardinal Ritter,0
2014-09-17,Whitfield,2,Clayton,0
2014-09-17,Valley Park,2,Cleveland NJROTC,0
2014-09-17,Washington,2,Duchesne,1
2014-09-17,McCluer,0,Hazelwood Central,2
2014-09-17,Pattonville,2,Hazelwood West,0
2014-09-17,Crystal City,0,Herculaneum,2
2014-09-17,Kennett,2,Holcomb,1
2014-09-17,University City,0,Jennings,2
2014-09-17,University City,0,Ladue Horton Watkins,2
2014-09-17,Cor Jesu Academy,2,Lafayette (Wildwood),0
2014-09-17,Lee's Summit,0,Lee's Summit West,2
2014-09-17,Sparta,0,Liberty North,2
2014-09-17,Sweet Springs,2,Lone Jack,0
2014-09-17,Hazelwood East,1,Lutheran North,2
2014-09-17,Oran,0,Meadow Heights,2
2014-09-17,Jennings,2,Miller Career Academy,1
2014-09-17,Hayti,2,North Pemiscot,0
2014-09-17,St. Teresa's Academy,2,Notre Dame de Sion,0
2014-09-17,West County,0,Potosi,2
2014-09-17,Hazelwood Central,1,Ritenour,2
2014-09-17,Lift for Life Academy Charter,0,Roosevelt,2
2014-09-17,Ste. Genevieve,2,Saxony Lutheran,1
2014-09-17,Lutheran St. Charles,2,St. Charles,0
2014-09-17,Francis Howell,0,St. Joseph's Academy,2
2014-09-17,Lutheran South,2,Westminster Christian Academy,1
2014-09-17,Orchard Farm,0,Wright City,2
2014-09-18,Lone Jack,0,Adrian,2
2014-09-18,Saxony Lutheran,2,Advance,0
2014-09-18,Houston,0,Ava,2
2014-09-18,Incarnate Word Academy,2,Barat Academy,0
2014-09-18,Summit Christian Academy,3,Barstow,0
2014-09-18,Hickman,2,Battle,0
2014-09-18,Dexter,2,Bell City,0
2014-09-18,Savannah,2,Benton,0
2014-09-18,Central (Park Hills),0,Bismarck,2
2014-09-18,Mt. Vernon,2,Bolivar,0
2014-09-18,Viburnum,2,Bourbon,0
2014-09-18,Chadwick,0,Bradleyville,2
2014-09-18,Calvary Lutheran,2,Bunceton,0
2014-09-18,St. Paul Lutheran (Farmington),0,Bunker,2
2014-09-18,Archie,2,Butler,0
2014-09-18,Willow Springs,0,Cabool,2
2014-09-18,Glendale,2,Camdenton,0
2014-09-18,Maryville,2,Cameron,1
2014-09-18,Knob Noster,2,Carrollton,0
2014-09-18,Aurora,1,Carthage,2
2014-09-18,Portageville,1,Central (New Madrid County),1
2014-09-18,Cooter,1,Central (New Madrid County),1
2014-09-18,Delta (Deering),0,Central (New Madrid County),2
2014-09-18,Spokane,0,Central (Springfield),2
2014-09-18,North Callaway,0,Centralia,2
2014-09-18,Richland (Essex),1,Charleston,1
2014-09-18,Summersville,0,Charleston,2
2014-09-18,Lafayette (St. Joseph),2,Chillicothe,0
2014-09-18,Winona,2,Clearwater,1
2014-09-18,Blue Eye,0,Clever,2
2014-09-18,Lincoln,0,Cole Camp,2
2014-09-18,Dixon,1,Conway,2
2014-09-18,Portageville,2,Cooter,0
2014-09-18,Concordia,2,Crest Ridge,0
2014-09-18,East (Kansas City),0,Cristo Rey,2
2014-09-18,Cardinal Ritter,0,Crossroads College Preparatory,2
2014-09-18,Grandview (Hillsboro),0,Crystal City,2
2014-09-18,Belle,0,Cuba,2
2014-09-18,Portageville,2,Delta (Deering),0
2014-09-18,Cooter,0,Delta (Deering),2
2014-09-18,Neosho,1,Diamond,2
2014-09-18,Warsaw,0,El Dorado Springs,2
2014-09-18,Versailles,2,Eldon,1
2014-09-18,California,2,Eugene,0
2014-09-18,Golden City,2,Everton,0
2014-09-18,DeSoto,1,Festus,2
2014-09-18,Hollister,2,Forsyth,1
2014-09-18,William Chrisman,2,Fort Osage,0
2014-09-18,Windsor (Imperial),2,Fox,0
2014-09-18,Parkway West,2,Francis Howell,0
2014-09-18,Perryville,1,Francis Howell,1
2014-09-18,Springfield Catholic,1,Francis Howell,1
2014-09-18,Nerinx Hall,1,Francis Howell,1
2014-09-18,Timberland,2,Ft. Zumwalt East,0
2014-09-18,St. Charles West,2,Ft. Zumwalt North,1
2014-09-18,Ft. Zumwalt West,1,Ft. Zumwalt South,0
2014-09-18,Osage,0,Fulton,2
2014-09-18,Crane,2,Galena,0
2014-09-18,McKinley Classical Leadership,0,Gateway,2
2014-09-18,Odessa,2,Grain Valley,1
2014-09-18,Platte County,2,Grandview,0
2014-09-18,Doniphan,0,Greenville,2
2014-09-18,Blair Oaks,2,Hallsville,0
2014-09-18,Pleasant Hill,2,Harrisonville,0
2014-09-18,Charleston,1,Hayti,1
2014-09-18,Summersville,0,Hayti,2
2014-09-18,Richland (Essex),1,Hayti,1
2014-09-18,Hazelwood East,0,Hazelwood West,2
2014-09-18,Jefferson (Festus),2,Herculaneum,1
2014-09-18,Joplin,2,Hillcrest,0
2014-09-18,Perryville,2,Hillsboro,0
2014-09-18,Southwest Early College,2,Hogan Prep Academy Charter,1
2014-09-18,Caruthersville,0,Holcomb,2
2014-09-18,Lexington,0,Holden,2
2014-09-18,Troy Buchanan,0,Holt,2
2014-09-18,School of the Ozarks,2,Hurley,0
2014-09-18,Bronaugh,0,Jasper,2
2014-09-18,Belton,0,Kearney,2
2014-09-18,Wellington-Napoleon,2,Kingsville,0
2014-09-18,Hannibal,2,Kirksville,0
2014-09-18,Lutheran South,1,Kirkwood,1
2014-09-18,Washington,1,Kirkwood,1
2014-09-18,Marquette,2,Kirkwood,0
2014-09-18,Richmond,0,Lafayette County,2
2014-09-18,Plattsburg,0,Lawson,2
2014-09-18,Blue Springs,1,Lee's Summit North,2
2014-09-18,Blue Springs South,0,Lee's Summit West,2
2014-09-18,Zalma,0,Leopold,2
2014-09-18,Thayer,0,Liberty (Mountain View),2
2014-09-18,Willard,0,Logan-Rogersville,2
2014-09-18,Chilhowee,0,Malta Bend,2
2014-09-18,Clayton,2,Maplewood-Richmond Hts.,0
2014-09-18,Greenfield,1,Marionville,2
2014-09-18,Lutheran South,1,Marquette,1
2014-09-18,Washington,0,Marquette,2
2014-09-18,Boonville,2,Marshall,0
2014-09-18,Hazelwood Central,2,McCluer,0
2014-09-18,Riverview Gardens,0,McCluer North,2
2014-09-18,New Heights Christian,1,McDonald County,2
2014-09-18,West Plains,0,Metro,2
2014-09-18,Bowling Green,0,Mexico,2
2014-09-18,East Buchanan,0,Mid-Buchanan,2
2014-09-18,Lutheran (Kansas City),1,Midway,2
2014-09-18,Fair Grove,2,Miller,0
2014-09-18,Cleveland NJROTC,0,Miller Career Academy,2
2014-09-18,Chamois,3,Missouri School for the Deaf,0
2014-09-18,Wright City,1,Montgomery County,2
2014-09-18,Springfield Catholic,0,Nerinx Hall,2
2014-09-18,Savannah,2,Nevada,1
2014-09-18,Hermann,0,New Haven,2
2014-09-18,Reeds Spring,0,Nixa,2
2014-09-18,Jennings,0,Normandy Collaborative,2
2014-09-18,Oak Park,2,North Kansas City,0
2014-09-18,Penney,0,North Platte,2
2014-09-18,Mehlville,1,Northwest (Cedar Hill),2
2014-09-18,La Monte,1,Northwest (Hughesville),2
2014-09-18,Bloomfield,0,Notre Dame (Cape Girardeau),2
2014-09-18,John Burroughs,2,Notre Dame (St. Louis),0
2014-09-18,Excelsior Springs,1,Oak Grove,2
2014-09-18,Warrensburg,0,O'Hara,2
2014-09-18,Skyline,0,Osceola,2
2014-09-18,St. Clair,0,Owensville,2
2014-09-18,Carl Junction,0,Ozark,2
2014-09-18,Tarkio,2,Pacific,1
2014-09-18,Central (St. Joseph),0,Park Hill,2
2014-09-18,Liberty,2,Park Hill South,0
2014-09-18,Francis Howell North,2,Parkway North,0
2014-09-18,Nerinx Hall,1,Parkway West,1
2014-09-18,Springfield Catholic,0,Parkway West,2
2014-09-18,Perryville,0,Parkway West,2
2014-09-18,Nerinx Hall,2,Perryville,0
2014-09-18,Springfield Catholic,0,Perryville,2
2014-09-18,Springfield Catholic,2,Pleasant Hope,0
2014-09-18,Westminster Christian Academy,2,Principia,0
2014-09-18,McAuley Catholic,0,Purdy,2
2014-09-18,Bernie,2,Puxico,0
2014-09-18,St. Teresa's Academy,2,Raymore-Peculiar,0
2014-09-18,Liberty North,2,Raytown,1
2014-09-18,Ruskin,0,Raytown South,2
2014-09-18,Summersville,0,Richland (Essex),2
2014-09-18,Parkview,0,Rolla,2
2014-09-18,Soldan International Studies,0,Roosevelt,2
2014-09-18,Southern Boone,2,Sarcoxie,0
2014-09-18,Mountain Grove,2,Salem,0
2014-09-18,Orrick,0,Santa Fe,2
2014-09-18,Lockwood,2,Sarcoxie,0
2014-09-18,Farmington,2,Seckman,0
2014-09-18,Rich Hill,2,Sheldon,0
2014-09-18,Seneca,0,Sikeston,2
2014-09-18,Rock Port,1,St. James,2
2014-09-18,Arcadia Valley,2,South Iron,0
2014-09-18,Billings,2,Union,0
2014-09-18,John F. Kennedy,0,St. Dominic,2
2014-09-18,Veritas Christian Academy,0,St. Joseph's Academy,2
2014-09-18,Rock Bridge,2,St. Paul Lutheran (Concordia),0
2014-09-18,Center,0,St. Pius X (Kansas City),2
2014-09-18,Tipton,0,Willard,2
2014-09-18,St. James,0,Webb City,2
2014-09-18,Lesterville,2,Wright City,1
2014-09-18,Wheaton,2,Thomas Jefferson Independent Day,0
2014-09-18,College Preparatory,0,Transportation and Law,2
2014-09-18,North County,1,Valle Catholic,2
2014-09-18,Carnahan,0,Waynesville,2
2014-09-18,Lutheran South,2,Washington,0
2014-09-18,East Newton,2,Webb City,0
2014-09-18,Parkway Central,1,Webster Groves,2
2014-09-18,Kingston,0,West County,2
2014-09-18,Waynesville,2,West Plains,0
2014-09-18,Lathrop,1,West Platte,2
2014-09-18,Lebanon,0,Willard,2
2014-09-18,Smithton,0,Windsor,2
2014-09-18,Meadow Heights,0,Woodland,2
2014-09-19,Valley Park,0,Bayless,2
2014-09-19,Fordland,0,Billings,2
2014-09-19,Cor Jesu Academy,0,Bishop DuBourg,2
2014-09-19,Valley,0,Bismarck,2
2014-09-19,Crossroads College Preparatory,0,Brentwood,2
2014-09-19,Gideon,2,Campbell,0
2014-09-19,Holcomb,2,Campbell,0
2014-09-19,North Pemiscot,0,Clarkton,2
2014-09-19,Risco,0,Clarkton,2
2014-09-19,Arcadia Valley,2,Clearwater,1
2014-09-19,Duchesne,0,Cor Jesu Academy,2
2014-09-19,Marquand-Zion,0,Ellington,3
2014-09-19,Helias Catholic,2,Eureka,0
2014-09-19,Villa Duchesne,1,Eureka,1
2014-09-19,Lindbergh,0,Eureka,2
2014-09-19,St. Dominic,0,Eureka,2
2014-09-19,Holcomb,2,Gideon,0
2014-09-19,Maplewood-Richmond Hts.,2,Hancock,1
2014-09-19,St. Dominic,0,Helias Catholic,2
2014-09-19,Villa Duchesne,0,Helias Catholic,2
2014-09-19,Bell City,0,Leopold,2
2014-09-19,Helias Catholic,2,Lindbergh,0
2014-09-19,Villa Duchesne,1,Lindbergh,1
2014-09-19,St. Dominic,2,Lindbergh,0
2014-09-19,Lutheran North,2,McCluer,0
2014-09-19,Westminster Christian Academy,2,MICDS,1
2014-09-19,Risco,0,North Pemiscot,2
2014-09-19,Cor Jesu Academy,2,Oakville,0
2014-09-19,Parkway South,0,Oakville,2
2014-09-19,Duchesne,2,Oakville,0
2014-09-19,Bishop DuBourg,0,Oakville,2
2014-09-19,Cor Jesu Academy,2,Parkway South,0
2014-09-19,Bishop DuBourg,2,Parkway South,0
2014-09-19,Duchesne,2,Parkway South,0
2014-09-19,Niangua,1,Plato,2
2014-09-19,North Pemiscot,0,Senath-Hornersville,2
2014-09-19,Clarkton,2,Senath-Hornersville,0
2014-09-19,Risco,1,Senath-Hornersville,1
2014-09-19,Hume,2,Sheldon,0
2014-09-19,Villa Duchesne,2,St. Dominic,0
2014-09-19,Gideon,2,St. Clair,0
2014-09-19,Holcomb,0,St. Clair,2
2014-09-19,Campbell,1,St. Clair,1
2014-09-20,Lutheran (Kansas City),0,Adrian,2
2014-09-20,Pembroke Hill,1,Adrian,1
2014-09-20,Lakeland,0,Adrian,2
2014-09-20,Butler,0,Adrian,2
2014-09-20,Midway,0,Adrian,2
2014-09-20,Lockwood,2,Ash Grove,0
2014-09-20,Seneca,1,Ash Grove,1
2014-09-20,Union,2,Ash Grove,0
2014-09-20,Carthage,2,Aurora,0
2014-09-20,Nevada,2,Aurora,1
2014-09-20,East (Kansas City),0,Barstow,2
2014-09-20,Lutheran (Kansas City),2,Barstow,0
2014-09-20,New Haven,2,Belle,0
2014-09-20,Winfield,2,Belle,0
2014-09-20,William Chrisman,2,Belton,0
2014-09-20,Summit Christian Academy,2,Belton,0
2014-09-20,Grain Valley,1,Belton,1
2014-09-20,Raytown South,1,Belton,1
2014-09-20,Sparta,2,Benton,0
2014-09-20,Summit Christian Academy,2,Benton,0
2014-09-20,Nerinx Hall,2,Bishop DuBourg,0
2014-09-20,New Haven,2,Bowling Green,0
2014-09-20,Winfield,2,Bowling Green,0
2014-09-20,Belle,1,Bowling Green,1
2014-09-20,Clearwater,2,Bunker,0
2014-09-20,Greenville,2,Bunker,0
2014-09-20,South Iron,2,Bunker,0
2014-09-20,Barstow,2,Butler,0
2014-09-20,Midway,2,Butler,0
2014-09-20,East (Kansas City),1,Butler,1
2014-09-20,Warrensburg,1,Camdenton,1
2014-09-20,Cole Camp,0,Camdenton,2
2014-09-20,Parkview,0,Camdenton,2
2014-09-20,Kearney,2,Camdenton,0
2014-09-20,Clarkton,2,Central (New Madrid County),1
2014-09-20,Holcomb,2,Charleston,1
2014-09-20,Portageville,2,Clarkton,0
2014-09-20,Gideon,2,Clarkton,1
2014-09-20,Seckman,2,Clayton,0
2014-09-20,Hillsboro,0,Clayton,2
2014-09-20,Festus,1,Clayton,1
2014-09-20,St. Clair,0,Clayton,2
2014-09-20,Potosi,1,Clayton,1
2014-09-20,South Iron,0,Clearwater,2
2014-09-20,Greenville,0,Clearwater,2
2014-09-20,Concordia,2,Clinton,0
2014-09-20,Northwest (Hughesville),2,Clinton,0
2014-09-20,Oak Grove,2,Clinton,0
2014-09-20,Knob Noster,1,Clinton,1
2014-09-20,Staley,2,Cole Camp,0
2014-09-20,Northwest (Hughesville),0,Concordia,2
2014-09-20,Winona,2,Conway,0
2014-09-20,Villa Duchesne,2,Cor Jesu Academy,1
2014-09-20,Southwest (Washburn),0,Crane,2
2014-09-20,Oak Grove,2,Crest Ridge,0
2014-09-20,Father Tolton,2,Crest Ridge,0
2014-09-20,La Monte,2,Crest Ridge,0
2014-09-20,Kingston,1,Doniphan,1
2014-09-20,West County,2,Doniphan,0
2014-09-20,Ellington,1,Doniphan,1
2014-09-20,Villa Duchesne,2,Duchesne,0
2014-09-20,Lutheran South,2,Duchesne,0
2014-09-20,Monett,0,East Newton,2
2014-09-20,Winona,2,East Newton,0
2014-09-20,Conway,0,East Newton,2
2014-09-20,Union,2,East Newton,0
2014-09-20,Springfield Catholic,0,East Newton,2
2014-09-20,West County,2,Ellington,0
2014-09-20,Kirkwood,0,Eureka,2
2014-09-20,Parkway West,2,Eureka,1
2014-09-20,Niangua,2,Everton,0
2014-09-20,School of the Ozarks,2,Everton,0
2014-09-20,Sarcoxie,0,Exeter,2
2014-09-20,Southwest (Washburn),2,Exeter,0
2014-09-20,St. Joseph Christian,2,Fairfax,0
2014-09-20,Nodaway-Holt,1,Fairfax,2
2014-09-20,Santa Fe,0,Fatima,2
2014-09-20,Versailles,0,Fatima,2
2014-09-20,Marshall,0,Fatima,2
2014-09-20,Seckman,2,Festus,0
2014-09-20,Hillsboro,2,Festus,0
2014-09-20,Potosi,1,Festus,1
2014-09-20,Southwest (Washburn),2,Forsyth,0
2014-09-20,Warrenton,2,Fox,1
2014-09-20,Herculaneum,1,Fox,1
2014-09-20,St. Clair,0,Fox,2
2014-09-20,Cor Jesu Academy,1,Francis Howell,2
2014-09-20,St. Dominic,1,Francis Howell,2
2014-09-20,Nerinx Hall,2,Francis Howell,0
2014-09-20,Trinity Catholic,0,Francis Howell North,2
2014-09-20,Barat Academy,0,Ft. Zumwalt East,2
2014-09-20,Veritas Christian Academy,1,Ft. Zumwalt East,2
2014-09-20,Troy Buchanan,2,Ft. Zumwalt South,0
2014-09-20,Valle Catholic,2,Ft. Zumwalt South,1
2014-09-20,Hazelwood West,0,Ft. Zumwalt South,2
2014-09-20,John F. Kennedy,0,Ft. Zumwalt South,2
2014-09-20,Seckman,1,Ft. Zumwalt West,2
2014-09-20,St. Clair,0,Ft. Zumwalt West,2
2014-09-20,Herculaneum,0,Ft. Zumwalt West,2
2014-09-20,Fox,1,Ft. Zumwalt West,1
2014-09-20,Parkway North,0,Ft. Zumwalt West,2
2014-09-20,Barat Academy,0,Ft. Zumwalt West,2
2014-09-20,Holcomb,2,Gideon,1
2014-09-20,Exeter,1,Golden City,1
2014-09-20,Southwest (Washburn),2,Golden City,0
2014-09-20,Sarcoxie,0,Golden City,2
2014-09-20,Sparta,2,Grain Valley,1
2014-09-20,Summit Christian Academy,2,Grain Valley,0
2014-09-20,Exeter,0,Greenfield,2
2014-09-20,Southwest (Washburn),2,Greenfield,0
2014-09-20,Sarcoxie,0,Greenfield,2
2014-09-20,Golden City,0,Greenfield,2
2014-09-20,South Iron,1,Greenville,1
2014-09-20,West County,1,Greenville,2
2014-09-20,Gideon,2,Hayti,0
2014-09-20,McCluer,2,Hazelwood Central,0
2014-09-20,Riverview Gardens,0,Hazelwood Central,2
2014-09-20,Jennings,0,Hazelwood Central,2
2014-09-20,Hazelwood East,0,Hazelwood Central,2
2014-09-20,University City,0,Hazelwood Central,2
2014-09-20,McCluer,2,Hazelwood East,0
2014-09-20,Jennings,0,Hazelwood East,2
2014-09-20,University City,0,Hazelwood East,2
2014-09-20,Riverview Gardens,0,Hazelwood East,2
2014-09-20,Troy Buchanan,2,Hazelwood West,0
2014-09-20,Valle Catholic,2,Hazelwood West,0
2014-09-20,St. Charles,2,Hazelwood West,0
2014-09-20,Lutheran South,0,Helias Catholic,2
2014-09-20,Nerinx Hall,0,Helias Catholic,2
2014-09-20,Reeds Spring,1,Hickman,1
2014-09-20,Cole Camp,2,Hickman,0
2014-09-20,Kearney,1,Hickman,1
2014-09-20,Lesterville,0,Hillsboro,2
2014-09-20,Warrenton,2,Hillsboro,0
2014-09-20,Parkway North,2,Hillsboro,0
2014-09-20,Herculaneum,0,Hillsboro,2
2014-09-20,Portageville,0,Holcomb,2
2014-09-20,Liberal,2,Jasper,0
2014-09-20,New Heights Christian,2,Jasper,0
2014-09-20,McAuley Catholic,1,Jasper,1
2014-09-20,Pleasant Hill,2,Jefferson City,0
2014-09-20,O'Hara,0,Jefferson City,2
2014-09-20,Lee's Summit,2,Jefferson City,0
2014-09-20,Winnetonka,0,Jefferson City,2
2014-09-20,Perryville,0,Jefferson City,2
2014-09-20,Liberty,2,Jefferson City,0
2014-09-20,McCluer,2,Jennings,0
2014-09-20,University City,2,Jennings,0
2014-09-20,Riverview Gardens,2,Jennings,0
2014-09-20,Valle Catholic,2,John Burroughs,1
2014-09-20,John F. Kennedy,0,John Burroughs,2
2014-09-20,Staley,2,Kearney,0
2014-09-20,Clearwater,2,Kingston,1
2014-09-20,West County,1,Kingston,1
2014-09-20,Ellington,0,Kingston,2
2014-09-20,Springfield Catholic,1,Kirkwood,2
2014-09-20,Duchesne,2,Kirkwood,1
2014-09-20,Concordia,2,Knob Noster,0
2014-09-20,Northwest (Hughesville),2,Knob Noster,0
2014-09-20,Northwest (Hughesville),2,La Monte,0
2014-09-20,Father Tolton,2,La Monte,0
2014-09-20,St. Joseph's Academy,0,Lafayette (Wildwood),2
2014-09-20,St. Pius X (Festus),0,Lafayette (Wildwood),2
2014-09-20,Marshall,1,Lafayette County,1
2014-09-20,Savannah,2,Lafayette County,0
2014-09-20,Versailles,2,Lafayette County,0
2014-09-20,Lutheran (Kansas City),2,Lakeland,0
2014-09-20,Barstow,2,Lakeland,0
2014-09-20,Pembroke Hill,2,Lakeland,0
2014-09-20,Jasper,0,Lamar,2
2014-09-20,McAuley Catholic,0,Lamar,2
2014-09-20,Liberal,1,Lamar,1
2014-09-20,New Heights Christian,2,Lamar,0
2014-09-20,Purdy,1,Lamar,1
2014-09-20,Pleasant Hill,2,Lee's Summit,0
2014-09-20,Liberty,2,Lee's Summit,0
2014-09-20,Ruskin,0,Lee's Summit,2
2014-09-20,Notre Dame de Sion,1,Lee's Summit,2
2014-09-20,St. Charles,0,Lee's Summit North,2
2014-09-20,Liberty North,0,Lee's Summit North,2
2014-09-20,Ozark,2,Lee's Summit North,0
2014-09-20,Park Hill South,0,Lee's Summit North,2
2014-09-20,Liberty,2,Lee's Summit North,0
2014-09-20,Warrenton,1,Lesterville,1
2014-09-20,McAuley Catholic,0,Liberal,2
2014-09-20,New Heights Christian,2,Liberal,0
2014-09-20,Pleasant Hill,1,Liberty,1
2014-09-20,Park Hill,0,Liberty,2
2014-09-20,Ozark,1,Liberty,2
2014-09-20,Veritas Christian Academy,2,Lift for Life Academy Charter,0
2014-09-20,Perryville,2,Lindbergh,1
2014-09-20,Skyline,0,Lockwood,2
2014-09-20,Union,2,Lockwood,0
2014-09-20,Seneca,2,Lockwood,0
2014-09-20,Conway,0,Lockwood,2
2014-09-20,Pembroke Hill,0,Lutheran (Kansas City),2
2014-09-20,East (Kansas City),0,Lutheran (Kansas City),2
2014-09-20,Cor Jesu Academy,2,Marquette,0
2014-09-20,St. Dominic,2,Marquette,0
2014-09-20,Lindbergh,0,Marquette,2
2014-09-20,Sacred Heart,1,Marshfield,1
2014-09-20,Staley,2,Marshfield,0
2014-09-20,Battle,0,Marshfield,2
2014-09-20,Kearney,2,Marshfield,0
2014-09-20,New Heights Christian,2,McAuley Catholic,0
2014-09-20,Riverview Gardens,0,McCluer,2
2014-09-20,University City,0,McCluer,2
2014-09-20,Veritas Christian Academy,2,McCluer North,1
2014-09-20,Lift for Life Academy Charter,0,McCluer North,2
2014-09-20,Visitation Academy,2,McCluer North,0
2014-09-20,North Technical,1,McCluer South-Berkeley,2
2014-09-20,Normandy Collaborative,1,McCluer South-Berkeley,1
2014-09-20,John F. Kennedy,0,Mehlville,2
2014-09-20,St. Charles,0,Mehlville,2
2014-09-20,John Burroughs,1,Mehlville,2
2014-09-20,Troy Buchanan,1,Mehlville,2
2014-09-20,Valle Catholic,0,Mehlville,2
2014-09-20,St. James,2,Mid-Buchanan,0
2014-09-20,Rock Port,2,Mid-Buchanan,1
2014-09-20,Barstow,1,Midway,1
2014-09-20,Pembroke Hill,0,Midway,2
2014-09-20,Winona,2,Monett,0
2014-09-20,Conway,1,Monett,1
2014-09-20,Spokane,2,Monett,0
2014-09-20,Villa Duchesne,0,Nerinx Hall,2
2014-09-20,Winfield,0,New Haven,2
2014-09-20,Pleasant Hope,1,Niangua,1
2014-09-20,Wheaton,2,Niangua,0
2014-09-20,Rock Port,2,Nodaway-Holt,0
2014-09-20,North Technical,2,Normandy Collaborative,1
2014-09-20,Father Tolton,2,Northwest (Hughesville),0
2014-09-20,O'Hara,1,Notre Dame de Sion,1
2014-09-20,Liberty North,0,Notre Dame de Sion,2
2014-09-20,La Monte,0,Oak Grove,2
2014-09-20,Father Tolton,1,Oak Grove,1
2014-09-20,Concordia,1,Oak Grove,2
2014-09-20,Villa Duchesne,2,Oakville,0
2014-09-20,Springfield Catholic,2,Oakville,0
2014-09-20,Washington,1,Oakville,2
2014-09-20,Skyline,0,Osceola,2
2014-09-20,Union,1,Osceola,2
2014-09-20,Winona,2,Osceola,1
2014-09-20,Spokane,0,Osceola,2
2014-09-20,Springfield Catholic,1,Osceola,1
2014-09-20,St. Charles,0,Ozark,2
2014-09-20,Liberty North,0,Ozark,2
2014-09-20,Raymore-Peculiar,0,Ozark,2
2014-09-20,Rock Bridge,0,Ozark,2
2014-09-20,Winnetonka,0,Park Hill,2
2014-09-20,Ruskin,0,Park Hill,2
2014-09-20,Rock Bridge,2,Park Hill,0
2014-09-20,O'Hara,0,Park Hill South,2
2014-09-20,Raymore-Peculiar,0,Park Hill South,2
2014-09-20,Notre Dame de Sion,1,Park Hill South,1
2014-09-20,Warrensburg,2,Parkview,0
2014-09-20,Cole Camp,2,Parkview,0
2014-09-20,Ft. Zumwalt East,2,Parkway Central,0
2014-09-20,Trinity Catholic,0,Parkway Central,2
2014-09-20,Barat Academy,1,Parkway Central,2
2014-09-20,Visitation Academy,0,Parkway Central,2
2014-09-20,Lesterville,1,Parkway North,1
2014-09-20,Warrenton,0,Parkway North,2
2014-09-20,Potosi,0,Parkway North,2
2014-09-20,Springfield Catholic,2,Parkway South,0
2014-09-20,Washington,2,Parkway South,0
2014-09-20,Springfield Catholic,0,Parkway West,2
2014-09-20,Helias Catholic,2,Parkway West,0
2014-09-20,Helias Catholic,2,Perryville,0
2014-09-20,Duchesne,2,Perryville,0
2014-09-20,Sparta,0,Platte County,2
2014-09-20,Benton,0,Platte County,2
2014-09-20,William Chrisman,1,Platte County,1
2014-09-20,Summit Christian Academy,0,Platte County,2
2014-09-20,Raytown South,0,Platte County,2
2014-09-20,Rock Bridge,2,Pleasant Hill,0
2014-09-20,Wheaton,2,Pleasant Hope,0
2014-09-20,Seckman,2,Potosi,0
2014-09-20,Jasper,2,Purdy,0
2014-09-20,McAuley Catholic,0,Purdy,2
2014-09-20,Liberal,1,Purdy,1
2014-09-20,New Heights Christian,2,Purdy,0
2014-09-20,O'Hara,0,Raymore-Peculiar,2
2014-09-20,Notre Dame de Sion,0,Raymore-Peculiar,2
2014-09-20,Summit Christian Academy,2,Raytown South,0
2014-09-20,Grain Valley,2,Raytown South,0
2014-09-20,Sacred Heart,0,Reeds Spring,2
2014-09-20,Warrensburg,0,Reeds Spring,2
2014-09-20,Kearney,2,Reeds Spring,0
2014-09-20,University City,0,Riverview Gardens,2
2014-09-20,Rock Bridge,2,Ruskin,0
2014-09-20,Winnetonka,2,Ruskin,0
2014-09-20,Staley,2,Sacred Heart,0
2014-09-20,Battle,0,Sacred Heart,2
2014-09-20,Versailles,1,Santa Fe,1
2014-09-20,Southwest (Washburn),2,Sarcoxie,0
2014-09-20,Warrenton,0,Seckman,2
2014-09-20,Portageville,2,Senath-Hornersville,0
2014-09-20,Union,2,Seneca,0
2014-09-20,Osceola,2,Seneca,0
2014-09-20,Springfield Catholic,1,Skyline,1
2014-09-20,Spokane,0,Skyline,2
2014-09-20,Santa Fe,0,Savannah,2
2014-09-20,Fatima,2,Savannah,0
2014-09-20,Marshall,0,Savannah,2
2014-09-20,St. Joseph Christian,1,St. James,2
2014-09-20,Hickman,2,Southern Boone,0
2014-09-20,Reeds Spring,2,Southern Boone,0
2014-09-20,Kearney,2,Southern Boone,0
2014-09-20,Warrensburg,2,Southern Boone,0
2014-09-20,Parkview,0,Southern Boone,2
2014-09-20,Wheaton,0,Southwest (Washburn),2
2014-09-20,Springfield Catholic,1,Spokane,1
2014-09-20,John Burroughs,2,St. Charles,0
2014-09-20,John F. Kennedy,1,St. Charles,2
2014-09-20,Lesterville,0,St. Clair,2
2014-09-20,Herculaneum,2,St. Clair,0
2014-09-20,St. Pius X (Festus),0,St. Joseph's Academy,2
2014-09-20,Battle,0,Staley,2
2014-09-20,Ft. Zumwalt East,2,Trinity Catholic,0
2014-09-20,Barat Academy,0,Trinity Catholic,2
2014-09-20,Valle Catholic,2,Troy Buchanan,1
2014-09-20,O'Hara,2,St. Charles,1
2014-09-20,Liberty North,0,St. Charles,2
2014-09-20,Veritas Christian Academy,1,Visitation Academy,2
2014-09-20,Cole Camp,2,Warrensburg,0
2014-09-20,Bishop DuBourg,2,Washington,0
2014-09-20,School of the Ozarks,2,Wheaton,1
2014-09-20,Sparta,0,William Chrisman,2
2014-09-20,Benton,0,William Chrisman,2
2014-09-20,Summit Christian Academy,2,William Chrisman,1
2014-09-20,Rock Bridge,2,Winnetonka,0
2014-09-21,McCluer,2,Normandy Collaborative,0
2014-09-22,Dexter,2,Advance,0
2014-09-22,Rockwood Summit,0,Affton,2
2014-09-22,McDonald County,0,Aurora,2
2014-09-22,Kingsville,2,Ballard,0
2014-09-22,Fulton,0,Battle,2
2014-09-22,East Buchanan,0,Bishop LeBlond,2
2014-09-22,Arcadia Valley,2,Bismarck,1
2014-09-22,Southern Boone,0,Blair Oaks,2
2014-09-22,Puxico,0,Bloomfield,2
2014-09-22,Mexico,0,Boonville,2
2014-09-22,Trenton,2,Brookfield,0
2014-09-22,Sarcoxie,1,Calvary Lutheran,2
2014-09-22,Carrollton,2,Cameron,1
2014-09-22,Ruskin,0,Center,2
2014-09-22,Bell City,0,Central (Cape Girardeau),2
2014-09-22,Lincoln College Prep,2,Central (Kansas City),0
2014-09-22,West County,0,Central (Park Hills),2
2014-09-22,Mt. Vernon,0,Central (Springfield),2
2014-09-22,Sikeston,2,Charleston,0
2014-09-22,Marshall,2,Chillicothe,0
2014-09-22,Delta (Deering),1,Clarkton,2
2014-09-22,Portageville,2,Cooter,0
2014-09-22,Maplewood-Richmond Hts.,0,Crossroads College Preparatory,2
2014-09-22,Purdy,0,Diamond,2
2014-09-22,Koshkonong,0,Doniphan,2
2014-09-22,Cole Camp,2,Eldon,0
2014-09-22,Houston,0,Eminence,2
2014-09-22,Tipton,1,Eugene,2
2014-09-22,Benton,2,Excelsior Springs,0
2014-09-22,Galena,0,Exeter,2
2014-09-22,Poplar Bluff,0,Farmington,2
2014-09-22,Fordland,1,Forsyth,2
2014-09-22,Parkway South,0,Fox,2
2014-09-22,Riverview Gardens,0,Hazelwood West,2
2014-09-22,McCluer,0,Hazelwood West,2
2014-09-22,Campbell,1,Holcomb,2
2014-09-22,Kennett,0,Jackson,2
2014-09-22,Hazelwood East,2,Jennings,0
2014-09-22,Valley,2,Kingston,0
2014-09-22,Maryville,2,Lafayette (St. Joseph),0
2014-09-22,Windsor,2,Lakeland,0
2014-09-22,Rich Hill,0,Lamar,2
2014-09-22,El Dorado Springs,2,Liberal,0
2014-09-22,Rolla,1,Licking,2
2014-09-22,Chilhowee,1,Lincoln,2
2014-09-22,Chamois,0,Linn,2
2014-09-22,Senath-Hornersville,1,Malden,2
2014-09-22,Northwest (Hughesville),2,Malta Bend,0
2014-09-22,South Iron,2,Marquand-Zion,0
2014-09-22,Normandy Collaborative,0,McCluer,2
2014-09-22,Fredericktown,2,Meadow Heights,0
2014-09-22,Pacific,1,Montgomery County,1
2014-09-22,Washington,2,Montgomery County,0
2014-09-22,St. Joseph's Academy,2,Montgomery County,0
2014-09-22,Hallsville,2,North Callaway,0
2014-09-22,Hillsboro,1,North County,2
2014-09-22,Southwest Early College,2,Northeast (Kansas City),0
2014-09-22,Springfield Catholic,2,Notre Dame (St. Louis),0
2014-09-22,Summit Christian Academy,2,Oak Grove,0
2014-09-22,Woodland,2,Oak Ridge,0
2014-09-22,Mid-Buchanan,2,Orrick,0
2014-09-22,Jefferson City,0,Ozark,2
2014-09-22,St. Joseph's Academy,2,Pacific,0
2014-09-22,Washington,2,Pacific,0
2014-09-22,Nerinx Hall,2,Parkway West,1
2014-09-22,Thayer,2,Plato,0
2014-09-22,Liberty,2,Platte County,0
2014-09-22,Hurley,2,Pleasant Hope,0
2014-09-22,Kingston,0,Potosi,2
2014-09-22,Valley,0,Potosi,2
2014-09-22,John F. Kennedy,2,Principia,0
2014-09-22,Knob Noster,2,Richmond,0
2014-09-22,North Pemiscot,2,Risco,1
2014-09-22,California,1,Sacred Heart,2
2014-09-22,St. Clair,2,Salem,0
2014-09-22,Leopold,2,Seneca,0
2014-09-22,Hayti,1,Summersville,2
2014-09-22,Gideon,2,Sweet Springs,0
2014-09-22,Dixon,2,St. James,1
2014-09-22,Lathrop,0,St. Joseph Christian,2
2014-09-22,Odessa,1,St. Paul Lutheran (Concordia),2
2014-09-22,St. Paul Lutheran (Farmington),0,St. Vincent,3
2014-09-22,Herculaneum,0,Ste. Genevieve,2
2014-09-22,Carthage,2,Stockton,0
2014-09-22,Bourbon,0,Webb City,2
2014-09-22,Ellington,0,Wright City,2
2014-09-22,Wright City,0,Veritas Christian Academy,2
2014-09-22,Wheaton,0,Verona,2
2014-09-22,Savannah,2,Versailles,0
2014-09-22,Lutheran North,0,Villa Duchesne,2
2014-09-22,Willard,2,Warsaw,0
2014-09-22,St. Joseph's Academy,2,Washington,0
2014-09-22,Concordia,2,Wentworth Military Academy,0
2014-09-22,Mountain Grove,0,West Plains,2
2014-09-22,Ft. Zumwalt East,0,Winfield,2
2014-09-22,Liberty (Mountain View),2,Winona,0
2014-09-22,Oran,2,Zalma,1
2014-09-23,Clayton,0,Affton,2
2014-09-23,West County,0,Arcadia Valley,2
2014-09-23,Drexel,2,Archie,1
2014-09-23,Winona,2,Ash Grove,0
2014-09-23,Salem,0,Ava,2
2014-09-23,Sherwood,0,Barstow,3
2014-09-23,Hancock,0,Bayless,2
2014-09-23,Platte County,2,Belton,0
2014-09-23,Valle Catholic,2,Bismarck,0
2014-09-23,Union,2,Blue Eye,0
2014-09-23,Blue Springs South,1,Blue Springs,2
2014-09-23,Marshfield,2,Bolivar,0
2014-09-23,Versailles,1,Boonville,2
2014-09-23,Warsaw,2,Bourbon,0
2014-09-23,Valley Park,0,Brentwood,2
2014-09-23,Ballard,0,Bronaugh,2
2014-09-23,Clearwater,2,Bunker,0
2014-09-23,Thayer,0,Cabool,2
2014-09-23,Miami (Amoret),2,Calhoun,0
2014-09-23,Southern Boone,1,California,2
2014-09-23,Father Tolton,2,Calvary Lutheran,0
2014-09-23,Jefferson City,1,Camdenton,2
2014-09-23,Richland (Essex),0,Campbell,2
2014-09-23,Duchesne,2,Cardinal Ritter,0
2014-09-23,Seneca,0,Carl Junction,2
2014-09-23,Republic,1,Carthage,2
2014-09-23,Clarkton,2,Caruthersville,0
2014-09-23,Forsyth,2,Cassville,1
2014-09-23,Clinton,2,Center,0
2014-09-23,Portageville,2,Central (New Madrid County),0
2014-09-23,Hillcrest,0,Central (Springfield),2
2014-09-23,Sarcoxie,0,Chamois,2
2014-09-23,Soldan International Studies,2,Cleveland NJROTC,1
2014-09-23,La Monte,0,Cole Camp,2
2014-09-23,Pleasant Hope,0,Conway,2
2014-09-23,Summersville,0,Cooter,2
2014-09-23,Leopold,0,Dexter,2
2014-09-23,Waynesville,2,Dixon,0
2014-09-23,Lincoln College Prep,2,East (Kansas City),0
2014-09-23,Pembroke Hill,2,East (Kansas City),0
2014-09-23,Clever,1,El Dorado Springs,2
2014-09-23,Harrisonville,1,Excelsior Springs,2
2014-09-23,Skyline,0,Fair Grove,2
2014-09-23,Hillsboro,2,Festus,0
2014-09-23,Parkway South,0,Fox,2
2014-09-23,Troy Buchanan,0,Francis Howell Central,2
2014-09-23,Ft. Zumwalt West,0,Francis Howell North,2
2014-09-23,Potosi,0,Fredericktown,2
2014-09-23,Veritas Christian Academy,2,Ft. Zumwalt South,0
2014-09-23,Pleasant Hill,2,Grain Valley,0
2014-09-23,St. Pius X (Festus),2,Grandview (Hillsboro),0
2014-09-23,Jasper,2,Greenfield,0
2014-09-23,Fulton,0,Hannibal,2
2014-09-23,McCluer North,0,Hazelwood Central,2
2014-09-23,Owensville,0,Hermann,2
2014-09-23,Tarkio,1,Hermann,1
2014-09-23,New Haven,2,Hermann,0
2014-09-23,Helias Catholic,2,Hickman,0
2014-09-23,Lafayette County,2,Holden,1
2014-09-23,Reeds Spring,0,Hollister,2
2014-09-23,Ft. Zumwalt East,2,Holt,0
2014-09-23,Southwest (Washburn),2,Hurley,0
2014-09-23,Crystal City,0,Jefferson (Festus),2
2014-09-23,Ladue Horton Watkins,2,John Burroughs,1
2014-09-23,Springfield Catholic,2,John F. Kennedy,0
2014-09-23,Winnetonka,0,Kearney,2
2014-09-23,Lebanon,0,Kickapoo,2
2014-09-23,Valley,1,Kingston,2
2014-09-23,Crest Ridge,2,Kingsville,0
2014-09-23,Chillicothe,2,Kirksville,0
2014-09-23,Benton,2,Lathrop,0
2014-09-23,Poplar Bluff,2,Lesterville,0
2014-09-23,Knob Noster,2,Lexington,0
2014-09-23,Lockwood,0,Liberal,2
2014-09-23,Park Hill,0,Liberty,2
2014-09-23,Willow Springs,0,Liberty (Mountain View),2
2014-09-23,Fort Osage,0,Liberty North,2
2014-09-23,Green Ridge,2,Lincoln,0
2014-09-23,Mehlville,0,Lindbergh,2
2014-09-23,Buffalo,0,Logan-Rogersville,2
2014-09-23,West Platte,2,Lone Jack,0
2014-09-23,St. Dominic,0,Lutheran St. Charles,2
2014-09-23,Bernie,2,Malden,1
2014-09-23,Concordia,2,Malta Bend,1
2014-09-23,Stockton,2,Marionville,0
2014-09-23,Seckman,0,Marquette,2
2014-09-23,Ritenour,2,McCluer,0
2014-09-23,Hazelwood West,2,McCluer,1
2014-09-23,Carnahan,0,Metro,2
2014-09-23,Lutheran South,2,MICDS,0
2014-09-23,Hogan Prep Academy Charter,0,Mid-Buchanan,2
2014-09-23,Osceola,2,Midway,1
2014-09-23,Gateway,1,Miller Career Academy,2
2014-09-23,East Newton,2,Monett,0
2014-09-23,Liberty (Mountain View),2,Mountain Grove,1
2014-09-23,McDonald County,1,Mt. Vernon,2
2014-09-23,Golden City,0,New Heights Christian,2
2014-09-23,Bradleyville,1,Niangua,2
2014-09-23,Willard,2,Nixa,0
2014-09-23,Maplewood-Richmond Hts.,2,Normandy Collaborative,0
2014-09-23,Wright City,2,North Callaway,0
2014-09-23,Raytown,0,North Kansas City,2
2014-09-23,Eureka,0,Northwest (Cedar Hill),2
2014-09-23,Lafayette (Wildwood),2,Oakville,0
2014-09-23,Oak Grove,0,Odessa,2
2014-09-23,Notre Dame de Sion,2,O'Hara,1
2014-09-23,Liberty (Wentzville),0,Orchard Farm,2
2014-09-23,Sweet Springs,0,Orrick,2
2014-09-23,New Haven,2,Owensville,0
2014-09-23,Tarkio,2,Owensville,0
2014-09-23,Branson,0,Ozark,2
2014-09-23,Parkway West,2,Parkway Central,0
2014-09-23,Kirkwood,2,Parkway North,0
2014-09-23,Brookfield,0,Penney,2
2014-09-23,Miller,1,Pierce City,2
2014-09-23,Crane,1,Purdy,2
2014-09-23,Lee's Summit West,2,Raymore-Peculiar,1
2014-09-23,Grandview,0,Raytown South,2
2014-09-23,Carrollton,2,Richmond,0
2014-09-23,Hazelwood East,2,Riverview Gardens,0
2014-09-23,Transportation and Law,0,Roosevelt,2
2014-09-23,Tipton,0,Sacred Heart,2
2014-09-23,Wellington-Napoleon,1,Santa Fe,2
2014-09-23,Diamond,2,Sarcoxie,0
2014-09-23,Oran,0,Sikeston,2
2014-09-23,Warrensburg,0,Savannah,2
2014-09-23,Willard,2,Smithton,0
2014-09-23,Spokane,0,Springfield Catholic,2
2014-09-23,Winfield,2,St. Charles,1
2014-09-23,Warrenton,1,St. Charles,2
2014-09-23,Warrenton,2,St. Charles West,1
2014-09-23,Cuba,2,St. James,0
2014-09-23,Nevada,0,St. Pius X (Kansas City),2
2014-09-23,Lee's Summit,2,St. Teresa's Academy,1
2014-09-23,Herculaneum,0,St. Vincent,2
2014-09-23,Farmington,0,Ste. Genevieve,2
2014-09-23,Licking,2,Wright City,0
2014-09-23,Versailles,0,Summit Christian Academy,3
2014-09-23,McKinley Classical Leadership,2,West Plains,0
2014-09-23,Everton,1,Thomas Jefferson Independent Day,2
2014-09-23,Francis Howell,2,Timberland,0
2014-09-23,East Buchanan,2,Trenton,1
2014-09-23,Park Hill South,2,St. Charles,0
2014-09-23,Bloomfield,2,St. Clair,0
2014-09-23,New Haven,2,Tarkio,0
2014-09-23,McCluer South-Berkeley,2,University City,0
2014-09-23,Cor Jesu Academy,2,Ursuline Academy,0
2014-09-23,College Preparatory,2,Waynesville,1
2014-09-23,Billings,2,Verona,0
2014-09-23,Belle,1,Viburnum,2
2014-09-23,Adrian,2,Warsaw,0
2014-09-23,Neosho,0,Webb City,2
2014-09-23,Pattonville,0,Webster Groves,2
2014-09-23,Villa Duchesne,2,Westminster Christian Academy,0
2014-09-23,Staley,2,William Chrisman,1
2014-09-23,Houston,2,Willow Springs,1
2014-09-23,Northwest (Hughesville),0,Windsor,2
2014-09-23,DeSoto,1,Windsor (Imperial),2
2014-09-23,Puxico,2,Zalma,0
2014-09-24,Southwest Early College,2,Central (Kansas City),0
2014-09-24,Northeast (Kansas City),0,Cristo Rey,2
2014-09-24,Lutheran St. Charles,0,Duchesne,2
2014-09-24,Francis Howell Central,0,Francis Howell,2
2014-09-24,DeSoto,0,Herculaneum,2
2014-09-24,St. Dominic,2,Incarnate Word Academy,0
2014-09-24,Nerinx Hall,2,Lindbergh,0
2014-09-24,Lone Jack,0,Lutheran (Kansas City),2
2014-09-24,Bayless,2,North Technical,0
2014-09-24,Webb City,0,Northwest (Cedar Hill),2
2014-09-24,Oak Ridge,1,Oran,3
2014-09-24,Marquette,2,Parkway South,1
2014-09-24,Jefferson (Festus),1,Potosi,2
2014-09-24,McCluer,0,Ritenour,2
2014-09-24,Miller Career Academy,2,Riverview Gardens,0
2014-09-24,Southwest Early College,2,Southeast,1
2014-09-24,St. Vincent,0,St. Pius X (Festus),2
2014-09-24,Hazelwood Central,0,Trinity Catholic,2
2014-09-24,Perryville,2,Valle Catholic,0
2014-09-24,Maplewood-Richmond Hts.,2,Valley Park,0
2014-09-25,Seneca,0,Aurora,2
2014-09-25,Cabool,2,Ava,1
2014-09-25,Hume,2,Ballard,0
2014-09-25,Whitfield,2,Barat Academy,0
2014-09-25,Wright City,2,Battle,0
2014-09-25,Seneca,2,Bell City,1
2014-09-25,Winnetonka,1,Belton,2
2014-09-25,Zalma,0,Bernie,2
2014-09-25,Benton,0,Bishop LeBlond,2
2014-09-25,Kingston,1,Bismarck,2
2014-09-25,Fatima,2,Blair Oaks,0
2014-09-25,Woodland,0,Bloomfield,2
2014-09-25,Cuba,2,Bourbon,0
2014-09-25,North Callaway,0,Bowling Green,2
2014-09-25,Golden City,2,Bronaugh,0
2014-09-25,Father Tolton,2,Brookfield,0
2014-09-25,Wentworth Military Academy,2,Calhoun,0
2014-09-25,Mt. Vernon,0,Carl Junction,2
2014-09-25,McKinley Classical Leadership,2,Carnahan,0
2014-09-25,Lexington,1,Carrollton,2
2014-09-25,Malden,2,Caruthersville,0
2014-09-25,Monett,2,Cassville,0
2014-09-25,Hogan Prep Academy Charter,2,Central (Kansas City),0
2014-09-25,Ruskin,0,Central (St. Joseph),2
2014-09-25,Meadow Heights,2,Charleston,0
2014-09-25,Kingsville,2,Chilhowee,1
2014-09-25,Roosevelt,0,Cleveland NJROTC,2
2014-09-25,O'Hara,2,Clinton,0
2014-09-25,Licking,2,Conway,0
2014-09-25,Spokane,0,Crane,2
2014-09-25,Lutheran (Kansas City),1,Crest Ridge,2
2014-09-25,Sikeston,0,Dexter,2
2014-09-25,Kennett,2,Doniphan,0
2014-09-25,Hume,0,Drexel,2
2014-09-25,Ballard,0,Drexel,2
2014-09-25,Lamar,0,East Newton,2
2014-09-25,Osceola,0,El Dorado Springs,2
2014-09-25,Greenville,2,Ellington,0
2014-09-25,Sarcoxie,1,Eugene,2
2014-09-25,Hurley,1,Everton,2
2014-09-25,Pleasant Hill,2,Excelsior Springs,0
2014-09-25,Nodaway-Holt,0,Fairfax,2
2014-09-25,Potosi,1,Farmington,2
2014-09-25,Lafayette (Wildwood),2,Fox,0
2014-09-25,Troy Buchanan,0,Francis Howell North,2
2014-09-25,Central (Park Hills),2,Fredericktown,0
2014-09-25,Timberland,1,Ft. Zumwalt West,2
2014-09-25,Boonville,2,Fulton,0
2014-09-25,Billings,2,Galena,0
2014-09-25,Soldan International Studies,2,Gateway,1
2014-09-25,North Pemiscot,0,Gideon,2
2014-09-25,Cole Camp,0,Green Ridge,2
2014-09-25,Centralia,2,Hallsville,0
2014-09-25,Lift for Life Academy Charter,0,Hancock,2
2014-09-25,Cooter,0,Hayti,2
2014-09-25,St. Joseph's Academy,2,Hermann,0
2014-09-25,Washington,2,Hermann,0
2014-09-25,Camdenton,2,Hillcrest,0
2014-09-25,Ft. Zumwalt South,1,Holt,2
2014-09-25,Notre Dame (Cape Girardeau),2,Jackson,0
2014-09-25,New Heights Christian,2,Jasper,0
2014-09-25,McCluer South-Berkeley,2,Jennings,0
2014-09-25,Glendale,2,Joplin,0
2014-09-25,Hazelwood West,0,Kirkwood,2
2014-09-25,Lafayette County,1,Knob Noster,2
2014-09-25,Windsor,2,La Monte,0
2014-09-25,Sparta,2,Lafayette (St. Joseph),1
2014-09-25,Midway,2,Lakeland,0
2014-09-25,Plattsburg,0,Lathrop,2
2014-09-25,Waynesville,2,Lebanon,1
2014-09-25,Notre Dame de Sion,1,Lee's Summit,2
2014-09-25,Eminence,2,Lesterville,1
2014-09-25,Thomas Jefferson Independent Day,0,Liberal,2
2014-09-25,Willow Springs,0,Liberty (Mountain View),2
2014-09-25,Staley,2,Liberty North,0
2014-09-25,Tipton,0,Lincoln,2
2014-09-25,University Academy Charter,0,Lincoln College Prep,2
2014-09-25,St. Paul Lutheran (Concordia),2,Lone Jack,0
2014-09-25,Nerinx Hall,2,Lutheran South,1
2014-09-25,Ash Grove,1,Marionville,2
2014-09-25,Kirksville,0,Marshall,2
2014-09-25,Hollister,2,Marshfield,0
2014-09-25,Savannah,2,Maryville,0
2014-09-25,College Preparatory,0,Metro,2
2014-09-25,Sarcoxie,0,Miller,2
2014-09-25,Thayer,0,Mountain Grove,2
2014-09-25,Washington,1,New Haven,2
2014-09-25,St. Joseph's Academy,2,New Haven,0
2014-09-25,Plato,0,Niangua,2
2014-09-25,Webb City,0,Nixa,2
2014-09-25,Fort Osage,0,North Kansas City,2
2014-09-25,Lawson,2,North Platte,0
2014-09-25,Miami (Amoret),2,Northeast Vernon County,1
2014-09-25,Concordia,2,Northwest (Hughesville),0
2014-09-25,John F. Kennedy,1,Notre Dame (St. Louis),2
2014-09-25,Grain Valley,2,Oak Grove,1
2014-09-25,Raytown,0,Oak Park,2
2014-09-25,Marquand-Zion,0,Oak Ridge,3
2014-09-25,Harrisonville,0,Odessa,2
2014-09-25,Leopold,2,Oran,0
2014-09-25,Eldon,2,Osage,1
2014-09-25,Carthage,0,Ozark,2
2014-09-25,Blue Springs,1,Park Hill South,2
2014-09-25,Kickapoo,2,Parkview,0
2014-09-25,McCluer North,0,Pattonville,2
2014-09-25,East Buchanan,2,Penney,0
2014-09-25,Saxony Lutheran,0,Perryville,2
2014-09-25,Skyline,2,Pleasant Hope,0
2014-09-25,Clearwater,0,Poplar Bluff,2
2014-09-25,Brentwood,2,Principia,1
2014-09-25,Lockwood,2,Purdy,0
2014-09-25,Advance,2,Puxico,1
2014-09-25,Blue Springs South,2,Raymore-Peculiar,0
2014-09-25,Platte County,2,Raytown South,0
2014-09-25,Buffalo,2,Reeds Spring,0
2014-09-25,Branson,0,Republic,2
2014-09-25,Holden,2,Richmond,0
2014-09-25,St. Clair,2,Risco,1
2014-09-25,Helias Catholic,2,Rock Bridge,0
2014-09-25,Riverview Gardens,0,Rockwood Summit,2
2014-09-25,Smithton,0,Sacred Heart,2
2014-09-25,Houston,2,Salem,0
2014-09-25,Blue Eye,0,School of the Ozarks,2
2014-09-25,Campbell,2,Senath-Hornersville,0
2014-09-25,Summit Christian Academy,3,Sherwood,0
2014-09-25,St. Pius X (Kansas City),2,Savannah,1
2014-09-25,Viburnum,3,South Iron,1
2014-09-25,Delta (Deering),0,Summersville,2
2014-09-25,East (Kansas City),2,Southeast,0
2014-09-25,Linn,1,Southern Boone,2
2014-09-25,Clarkton,2,Sweet Springs,0
2014-09-25,Clever,0,Union,2
2014-09-25,Logan-Rogersville,2,Springfield Catholic,0
2014-09-25,Winfield,1,St. Charles West,2
2014-09-25,Crystal City,1,St. Clair,2
2014-09-25,Bishop DuBourg,1,St. Dominic,1
2014-09-25,North County,2,Ste. Genevieve,0
2014-09-25,Winona,2,Stockton,0
2014-09-25,Waynesville,2,Transportation and Law,0
2014-09-25,Lutheran North,0,Trinity Catholic,2
2014-09-25,Park Hill,1,St. Charles,2
2014-09-25,Pacific,2,Tarkio,1
2014-09-25,St. Joseph's Academy,2,Ursuline Academy,0
2014-09-25,Arcadia Valley,2,Valley,0
2014-09-25,Barstow,3,Versailles,0
2014-09-25,Springfield Catholic,2,Veritas Christian Academy,1
2014-09-25,McAuley Catholic,1,Verona,2
2014-09-25,Center,0,Warrensburg,2
2014-09-25,Orchard Farm,0,Warrenton,2
2014-09-25,Hazelwood Central,0,Webster Groves,2
2014-09-25,Orrick,0,Wellington-Napoleon,2
2014-09-25,Valle Catholic,2,West County,1
2014-09-25,Rolla,2,West Plains,1
2014-09-25,Mid-Buchanan,0,West Platte,2
2014-09-25,Southwest (Washburn),2,Wheaton,0
2014-09-25,Neosho,0,Willard,2
2014-09-25,Kearney,2,William Chrisman,0
2014-09-25,Grandview (Hillsboro),0,Windsor (Imperial),2
2014-09-26,Valley Park,0,Bayless,2
2014-09-26,Hancock,0,Bayless,2
2014-09-26,Maplewood-Richmond Hts.,0,Bayless,2
2014-09-26,Warsaw,2,Belle,0
2014-09-26,Duchesne,0,Bishop DuBourg,2
2014-09-26,Cor Jesu Academy,0,Bishop DuBourg,2
2014-09-26,Metro,0,Brentwood,2
2014-09-26,Crossroads College Preparatory,0,Brentwood,2
2014-09-26,Miller Career Academy,0,Brentwood,2
2014-09-26,Plato,0,Bunker,2
2014-09-26,St. Clair,2,Campbell,1
2014-09-26,Calvary Lutheran,0,Dixon,2
2014-09-26,Kennett,2,Doniphan,0
2014-09-26,Lutheran St. Charles,1,Duchesne,1
2014-09-26,Barat Academy,0,Duchesne,2
2014-09-26,Winona,2,Ellington,0
2014-09-26,Galena,0,Fordland,2
2014-09-26,Trinity Catholic,0,Francis Howell,2
2014-09-26,Trinity Catholic,0,Francis Howell North,2
2014-09-26,Westminster Christian Academy,2,Francis Howell North,0
2014-09-26,St. Dominic,2,Francis Howell North,0
2014-09-26,Barat Academy,0,Francis Howell North,2
2014-09-26,Timberland,0,Francis Howell North,2
2014-09-26,Francis Howell Central,2,Ft. Zumwalt East,0
2014-09-26,Hazelwood East,0,Ft. Zumwalt North,2
2014-09-26,Hazelwood Central,1,Ft. Zumwalt North,1
2014-09-26,North Pemiscot,0,Gideon,2
2014-09-26,Meadow Heights,0,Greenville,2
2014-09-26,Valley Park,1,Hancock,1
2014-09-26,Holcomb,2,Hayti,0
2014-09-26,University City,0,Ladue Horton Watkins,2
2014-09-26,Ritenour,0,Ladue Horton Watkins,2
2014-09-26,Barat Academy,0,Lutheran St. Charles,2
2014-09-26,Hancock,0,Maplewood-Richmond Hts.,2
2014-09-26,Valley Park,0,Maplewood-Richmond Hts.,2
2014-09-26,Crossroads College Preparatory,0,Metro,2
2014-09-26,Miller Career Academy,0,Metro,2
2014-09-26,Crossroads College Preparatory,2,Miller Career Academy,0
2014-09-26,Normandy Collaborative,0,North Technical,2
2014-09-26,Bell City,1,Oak Ridge,2
2014-09-26,Advance,2,Oran,0
2014-09-26,Bishop DuBourg,2,Parkway South,0
2014-09-26,Affton,0,Parkway West,2
2014-09-26,Whitfield,0,Pattonville,2
2014-09-26,Woodland,2,Richland (Essex),0
2014-09-26,Clarkton,2,Risco,0
2014-09-26,Holt,2,Ritenour,0
2014-09-26,Eureka,2,Seckman,0
2014-09-26,Northeast Vernon County,2,Sheldon,1
2014-09-26,Westminster Christian Academy,0,St. Dominic,2
2014-09-26,Trinity Catholic,0,St. Dominic,2
2014-09-26,Duchesne,1,Timberland,1
2014-09-26,Barat Academy,1,Timberland,1
2014-09-26,Lutheran St. Charles,2,Timberland,0
2014-09-26,Westminster Christian Academy,2,Trinity Catholic,0
2014-09-26,Holt,2,University City,0
2014-09-26,West County,2,Viburnum,0
2014-09-27,Miller Career Academy,0,Bayless,2
2014-09-27,Metro,0,Bayless,2
2014-09-27,Brentwood,1,Bayless,2
2014-09-27,North Kansas City,1,Belton,1
2014-09-27,St. Pius X (Kansas City),2,Belton,0
2014-09-27,Harrisonville,1,Belton,1
2014-09-27,Lutheran (Kansas City),0,Bishop LeBlond,2
2014-09-27,Nerinx Hall,1,Blue Springs,2
2014-09-27,Incarnate Word Academy,0,Blue Springs,2
2014-09-27,Lee's Summit West,2,Blue Springs,0
2014-09-27,Nixa,2,Blue Springs,0
2014-09-27,Blue Springs South,0,Blue Springs,2
2014-09-27,Cor Jesu Academy,2,Blue Springs South,0
2014-09-27,Jefferson City,2,Blue Springs South,1
2014-09-27,Francis Howell,1,Blue Springs South,2
2014-09-27,Pleasant Hill,2,Boonville,0
2014-09-27,Santa Fe,2,Boonville,0
2014-09-27,Cameron,1,Boonville,1
2014-09-27,Battle,0,Boonville,2
2014-09-27,Chadwick,2,Bradleyville,0
2014-09-27,Hurley,2,Bradleyville,0
2014-09-27,Everton,1,Bradleyville,1
2014-09-27,Hancock,0,Brentwood,2
2014-09-27,Crossroads College Preparatory,0,Brentwood,2
2014-09-27,Pleasant Hill,2,Cameron,0
2014-09-27,Battle,0,Cameron,2
2014-09-27,Diamond,0,Carl Junction,2
2014-09-27,Helias Catholic,2,Carl Junction,0
2014-09-27,Marshfield,0,Carl Junction,2
2014-09-27,Lebanon,1,Carl Junction,2
2014-09-27,Northeast (Kansas City),0,Center,2
2014-09-27,Hogan Prep Academy Charter,0,Center,2
2014-09-27,Cristo Rey,1,Center,1
2014-09-27,Plattsburg,2,Central (Kansas City),0
2014-09-27,West Plains,2,Central (Kansas City),0
2014-09-27,Ruskin,2,Central (Kansas City),0
2014-09-27,Grandview,0,Central (St. Joseph),2
2014-09-27,Platte County,2,Central (St. Joseph),0
2014-09-27,Fort Osage,0,Central (St. Joseph),2
2014-09-27,St. Pius X (Kansas City),2,Central (St. Joseph),0
2014-09-27,North Kansas City,2,Central (St. Joseph),0
2014-09-27,Hurley,2,Chadwick,0
2014-09-27,Everton,2,Chadwick,0
2014-09-27,Linn,2,Chamois,0
2014-09-27,Midway,2,Chillicothe,0
2014-09-27,Savannah,2,Chillicothe,0
2014-09-27,Bishop LeBlond,2,Chillicothe,0
2014-09-27,Lafayette (St. Joseph),1,Chillicothe,1
2014-09-27,Villa Duchesne,2,Cor Jesu Academy,1
2014-09-27,Branson,2,Diamond,0
2014-09-27,Westminster Christian Academy,1,Duchesne,2
2014-09-27,St. Dominic,2,Duchesne,0
2014-09-27,Southwest Early College,2,East (Kansas City),0
2014-09-27,Hurley,2,Everton,0
2014-09-27,School of the Ozarks,2,Everton,0
2014-09-27,Southwest (Washburn),2,Exeter,0
2014-09-27,Villa Duchesne,2,Francis Howell,1
2014-09-27,Lee's Summit North,2,Francis Howell,1
2014-09-27,Kickapoo,0,Francis Howell,2
2014-09-27,Barat Academy,0,Francis Howell North,2
2014-09-27,Holt,2,Ft. Zumwalt North,0
2014-09-27,Whitfield,1,Ft. Zumwalt West,2
2014-09-27,St. Charles West,1,Ft. Zumwalt West,2
2014-09-27,Rock Bridge,2,Ft. Zumwalt West,0
2014-09-27,Hannibal,0,Ft. Zumwalt West,2
2014-09-27,Oakville,2,Ft. Zumwalt West,0
2014-09-27,Verona,1,Golden City,1
2014-09-27,McAuley Catholic,0,Golden City,2
2014-09-27,Rich Hill,2,Golden City,0
2014-09-27,Southwest (Washburn),2,Golden City,0
2014-09-27,Neosho,1,Grain Valley,2
2014-09-27,Mt. Vernon,1,Grain Valley,2
2014-09-27,Belton,2,Grandview,0
2014-09-27,Fort Osage,2,Grandview,0
2014-09-27,Verona,0,Greenfield,2
2014-09-27,McAuley Catholic,0,Greenfield,2
2014-09-27,Golden City,2,Greenfield,0
2014-09-27,Jasper,2,Greenfield,0
2014-09-27,Southwest (Washburn),2,Greenfield,1
2014-09-27,Rock Bridge,2,Hannibal,0
2014-09-27,St. Charles West,2,Hannibal,0
2014-09-27,St. Charles,2,Hannibal,1
2014-09-27,North Kansas City,2,Harrisonville,0
2014-09-27,St. Pius X (Kansas City),2,Harrisonville,0
2014-09-27,Ritenour,2,Hazelwood Central,0
2014-09-27,University City,0,Hazelwood Central,2
2014-09-27,Hazelwood East,1,Hazelwood Central,1
2014-09-27,Ritenour,2,Hazelwood East,0
2014-09-27,University City,0,Hazelwood East,2
2014-09-27,Northeast (Kansas City),2,Hogan Prep Academy Charter,0
2014-09-27,Cristo Rey,2,Hogan Prep Academy Charter,0
2014-09-27,Warrensburg,1,Holden,1
2014-09-27,California,2,Holden,0
2014-09-27,Santa Fe,2,Holden,0
2014-09-27,Cameron,2,Holden,1
2014-09-27,Licking,2,Houston,0
2014-09-27,School of the Ozarks,2,Hurley,0
2014-09-27,St. Teresa's Academy,2,Incarnate Word Academy,1
2014-09-27,Liberty North,1,Incarnate Word Academy,2
2014-09-27,Sarcoxie,0,Jasper,2
2014-09-27,Rich Hill,0,Jasper,2
2014-09-27,Thomas Jefferson Independent Day,0,Jasper,2
2014-09-27,Cor Jesu Academy,2,Jefferson City,0
2014-09-27,Kickapoo,2,Jefferson City,0
2014-09-27,St. James,2,Jefferson City,0
2014-09-27,Northwest (Cedar Hill),1,Joplin,2
2014-09-27,Grain Valley,1,Joplin,2
2014-09-27,Lebanon,2,Joplin,1
2014-09-27,Villa Duchesne,2,Kickapoo,1
2014-09-27,Nerinx Hall,2,Kickapoo,1
2014-09-27,Lee's Summit North,2,Kickapoo,0
2014-09-27,Holt,2,Ladue Horton Watkins,0
2014-09-27,University City,0,Ladue Horton Watkins,2
2014-09-27,Midway,2,Lafayette (St. Joseph),0
2014-09-27,Lutheran (Kansas City),2,Lafayette (St. Joseph),0
2014-09-27,Savannah,2,Lafayette (St. Joseph),0
2014-09-27,Helias Catholic,2,Lebanon,0
2014-09-27,Neosho,0,Lebanon,2
2014-09-27,Villa Duchesne,2,Lee's Summit North,1
2014-09-27,Nerinx Hall,0,Lee's Summit West,2
2014-09-27,St. Teresa's Academy,0,Lee's Summit West,2
2014-09-27,Nixa,1,Lee's Summit West,2
2014-09-27,Wright City,1,Licking,1
2014-09-27,University Academy Charter,1,Lincoln College Prep,1
2014-09-27,Southwest Early College,0,Lincoln College Prep,2
2014-09-27,Cristo Rey,2,Lincoln College Prep,0
2014-09-27,Plattsburg,0,Lincoln College Prep,2
2014-09-27,Westminster Christian Academy,0,Lutheran St. Charles,2
2014-09-27,St. Dominic,0,Lutheran St. Charles,2
2014-09-27,Crossroads College Preparatory,2,Maplewood-Richmond Hts.,0
2014-09-27,Diamond,0,Marshfield,2
2014-09-27,Mt. Vernon,2,Marshfield,0
2014-09-27,Neosho,0,Marshfield,2
2014-09-27,Bishop LeBlond,2,Maryville,0
2014-09-27,Lutheran (Kansas City),2,Maryville,0
2014-09-27,Midway,0,Maryville,2
2014-09-27,West Platte,0,Maryville,2
2014-09-27,Valley Park,0,Metro,2
2014-09-27,Houston,1,Mexico,1
2014-09-27,Rolla,2,Mexico,0
2014-09-27,Osage,1,Mexico,1
2014-09-27,West Plains,2,Mexico,0
2014-09-27,John Burroughs,0,MICDS,2
2014-09-27,Branson,0,Mt. Vernon,2
2014-09-27,Helias Catholic,2,Neosho,0
2014-09-27,Liberty North,0,Nerinx Hall,2
2014-09-27,Branson,2,Nevada,0
2014-09-27,Helias Catholic,2,Nevada,0
2014-09-27,Mt. Vernon,0,Nevada,2
2014-09-27,School of the Ozarks,2,Niangua,0
2014-09-27,Nerinx Hall,2,Nixa,1
2014-09-27,St. Pius X (Kansas City),1,North Kansas City,1
2014-09-27,Platte County,2,North Kansas City,0
2014-09-27,Cristo Rey,2,Northeast (Kansas City),0
2014-09-27,Ruskin,0,Northeast (Kansas City),2
2014-09-27,Helias Catholic,2,Northwest (Cedar Hill),0
2014-09-27,Grain Valley,0,Northwest (Cedar Hill),2
2014-09-27,Whitfield,0,Oakville,2
2014-09-27,St. Charles,0,Oakville,2
2014-09-27,Troy Buchanan,0,Oakville,2
2014-09-27,Rock Bridge,0,Oakville,2
2014-09-27,Rolla,2,Osage,0
2014-09-27,Waynesville,2,Osage,0
2014-09-27,Houston,1,Osage,1
2014-09-27,Chamois,0,Owensville,2
2014-09-27,Linn,1,Owensville,1
2014-09-27,Grandview,0,Platte County,2
2014-09-27,Fort Osage,0,Platte County,2
2014-09-27,St. Pius X (Kansas City),0,Platte County,2
2014-09-27,University Academy Charter,0,Plattsburg,2
2014-09-27,Southeast,2,Plattsburg,0
2014-09-27,Battle,0,Pleasant Hill,2
2014-09-27,California,0,Pleasant Hill,2
2014-09-27,Santa Fe,2,Pleasant Hill,0
2014-09-27,Thomas Jefferson Independent Day,0,Rich Hill,2
2014-09-27,Sarcoxie,0,Rich Hill,2
2014-09-27,University City,0,Ritenour,2
2014-09-27,Houston,0,Rolla,2
2014-09-27,Wright City,0,Rolla,2
2014-09-27,West Plains,2,Rolla,1
2014-09-27,Licking,0,Rolla,2
2014-09-27,Plattsburg,2,Ruskin,0
2014-09-27,California,0,Santa Fe,2
2014-09-27,Southwest (Washburn),2,Sarcoxie,0
2014-09-27,Thomas Jefferson Independent Day,1,Sarcoxie,1
2014-09-27,Midway,0,Savannah,2
2014-09-27,Lutheran (Kansas City),0,Savannah,2
2014-09-27,West Platte,0,Savannah,2
2014-09-27,Bishop LeBlond,0,Savannah,2
2014-09-27,East (Kansas City),2,Southeast,0
2014-09-27,Linn,1,Southern Boone,1
2014-09-27,Owensville,1,Southern Boone,1
2014-09-27,Chamois,0,Southern Boone,2
2014-09-27,Troy Buchanan,1,St. Charles,2
2014-09-27,Whitfield,2,St. Charles,0
2014-09-27,Troy Buchanan,0,St. Charles West,2
2014-09-27,Rock Bridge,2,St. Charles West,0
2014-09-27,Cor Jesu Academy,0,St. James,2
2014-09-27,Liberty North,0,St. Teresa's Academy,2
2014-09-27,Plattsburg,2,West Plains,0
2014-09-27,Trinity Catholic,0,Timberland,2
2014-09-27,Barat Academy,2,Trinity Catholic,1
2014-09-27,Whitfield,2,Troy Buchanan,0
2014-09-27,Southwest Early College,0,University Academy Charter,2
2014-09-27,Holt,2,University City,0
2014-09-27,McAuley Catholic,1,Verona,1
2014-09-27,Santa Fe,2,Warrensburg,0
2014-09-27,California,1,Warrensburg,1
2014-09-27,Battle,0,Warrensburg,2
2014-09-27,Cameron,1,Warrensburg,2
2014-09-27,West Plains,0,Waynesville,2
2014-09-27,Licking,0,Waynesville,2
2014-09-27,Wright City,0,Waynesville,2
2014-09-27,Helias Catholic,2,Webb City,0
2014-09-27,Diamond,0,Webb City,2
2014-09-27,Lebanon,2,Webb City,0
2014-09-27,Neosho,2,Webb City,1
2014-09-27,Wright City,0,West Plains,2
2014-09-27,Licking,1,West Plains,1
2014-09-27,Bishop LeBlond,2,West Platte,0
2014-09-27,Lutheran (Kansas City),2,West Platte,0
2014-09-27,Rock Bridge,2,Whitfield,1
2014-09-29,Bayless,0,Affton,2
2014-09-29,Helias Catholic,2,Battle,0
2014-09-29,Harrisonville,0,Belton,2
2014-09-29,Lafayette (St. Joseph),2,Benton,1
2014-09-29,Gideon,0,Bernie,2
2014-09-29,Marionville,0,Billings,2
2014-09-29,Ste. Genevieve,2,Bismarck,0
2014-09-29,Oran,0,Bloomfield,2
2014-09-29,Plattsburg,0,Cameron,2
2014-09-29,Senath-Hornersville,2,Caruthersville,1
2014-09-29,St. Pius X (Festus),0,Central (Park Hills),2
2014-09-29,School of the Ozarks,2,Chadwick,0
2014-09-29,Eugene,2,Chamois,0
2014-09-29,Richland (Essex),0,Charleston,2
2014-09-29,Trenton,0,Chillicothe,2
2014-09-29,Cassville,0,Clever,2
2014-09-29,Orrick,1,Concordia,2
2014-09-29,Festus,0,Crystal City,2
2014-09-29,North Pemiscot,2,Delta (Deering),0
2014-09-29,Potosi,0,DeSoto,2
2014-09-29,Puxico,0,Dexter,2
2014-09-29,Licking,2,Dixon,0
2014-09-29,Hogan Prep Academy Charter,1,East (Kansas City),1
2014-09-29,Southern Boone,2,Eldon,0
2014-09-29,Lindbergh,0,Eureka,2
2014-09-29,Niangua,0,Exeter,2
2014-09-29,Jackson,1,Farmington,2
2014-09-29,Hurley,0,Fordland,2
2014-09-29,Spokane,0,Forsyth,2
2014-09-29,Marquette,1,Francis Howell Central,2
2014-09-29,Central (Cape Girardeau),0,Fredericktown,2
2014-09-29,McAuley Catholic,1,Golden City,2
2014-09-29,Kingston,2,Grandview (Hillsboro),0
2014-09-29,Thomas Jefferson Independent Day,0,Greenfield,2
2014-09-29,Clearwater,2,Greenville,0
2014-09-29,Risco,1,Hayti,2
2014-09-29,Washington,2,Hermann,0
2014-09-29,Tarkio,0,Hillsboro,2
2014-09-29,Central (New Madrid County),1,Kennett,2
2014-09-29,St. Joseph's Academy,0,Lafayette (Wildwood),2
2014-09-29,Adrian,2,Lakeland,0
2014-09-29,Sarcoxie,0,Lamar,2
2014-09-29,Central (Springfield),0,Lebanon,2
2014-09-29,Platte County,2,Lee's Summit West,0
2014-09-29,Barstow,0,Lutheran (Kansas City),2
2014-09-29,Clayton,2,Lutheran North,0
2014-09-29,Campbell,0,Malden,2
2014-09-29,McCluer North,2,McCluer,1
2014-09-29,Marquand-Zion,0,Meadow Heights,2
2014-09-29,Northeast Vernon County,0,Miami (Amoret),2
2014-09-29,McCluer South-Berkeley,2,Miller Career Academy,0
2014-09-29,Jennings,2,Miller Career Academy,0
2014-09-29,Linn,2,Missouri School for the Deaf,0
2014-09-29,Pierce City,2,Monett,0
2014-09-29,Eminence,0,Mountain Grove,2
2014-09-29,El Dorado Springs,2,Nevada,1
2014-09-29,Arcadia Valley,0,North County,2
2014-09-29,Lift for Life Academy Charter,0,North Technical,2
2014-09-29,Savannah,1,O'Hara,2
2014-09-29,Reeds Spring,2,Parkview,0
2014-09-29,Francis Howell North,2,Parkway South,0
2014-09-29,Midway,1,Pembroke Hill,2
2014-09-29,Clarkton,0,Portageville,2
2014-09-29,Notre Dame (St. Louis),2,Principia,0
2014-09-29,University City,1,Riverview Gardens,2
2014-09-29,Fox,0,Rockwood Summit,2
2014-09-29,Owensville,0,Rolla,2
2014-09-29,Park Hill,2,Ruskin,0
2014-09-29,Fatima,2,Sarcoxie,0
2014-09-29,Bunker,2,Salem,1
2014-09-29,Sacred Heart,0,Savannah,2
2014-09-29,Bell City,0,Saxony Lutheran,3
2014-09-29,Crest Ridge,2,Sherwood,0
2014-09-29,Advance,2,Sikeston,0
2014-09-29,Osage,0,Skyline,2
2014-09-29,Holcomb,2,Summersville,0
2014-09-29,Crane,2,Southwest (Washburn),1
2014-09-29,Northeast (Kansas City),0,Southwest Early College,2
2014-09-29,Springfield Catholic,1,Union,2
2014-09-29,Orchard Farm,0,St. Charles West,2
2014-09-29,Bourbon,0,St. Clair,2
2014-09-29,Penney,0,St. Joseph Christian,2
2014-09-29,Valley,2,St. Paul Lutheran (Farmington),0
2014-09-29,Boonville,2,Willard,1
2014-09-29,Cuba,0,Webb City,2
2014-09-29,Cabool,2,Wright City,0
2014-09-29,California,2,Tipton,0
2014-09-29,Hallsville,2,Warsaw,0
2014-09-29,Glendale,2,Webb City,0
2014-09-29,Kingsville,2,Wentworth Military Academy,0
2014-09-29,Logan-Rogersville,2,West Plains,0
2014-09-29,Cardinal Ritter,0,Whitfield,2
2014-09-29,Valle Catholic,2,Windsor (Imperial),1
2014-09-29,Ft. Zumwalt North,0,Winfield,2
2014-09-29,Leopold,2,Woodland,0
2014-09-30,Bloomfield,2,Advance,0
2014-09-30,Windsor,2,Affton,1
2014-09-30,Windsor (Imperial),2,Affton,1
2014-09-30,Northeast Vernon County,2,Ballard,0
2014-09-30,Oran,2,Bell City,1
2014-09-30,School of the Ozarks,0,Billings,2
2014-09-30,Veritas Christian Academy,0,Bishop DuBourg,2
2014-09-30,Raytown,0,Blue Springs South,2
2014-09-30,Belle,2,Bourbon,0
2014-09-30,Wright City,2,Bowling Green,0
2014-09-30,Webb City,0,Branson,2
2014-09-30,Hancock,0,Brentwood,2
2014-09-30,Hume,2,Bronaugh,1
2014-09-30,Springfield Catholic,0,Buffalo,2
2014-09-30,Malta Bend,2,Bunceton,0
2014-09-30,Niangua,0,Calvary Lutheran,2
2014-09-30,Hickman,0,Camdenton,2
2014-09-30,East Buchanan,0,Cameron,2
2014-09-30,Miller Career Academy,2,Carnahan,0
2014-09-30,Willard,0,Carthage,2
2014-09-30,Kennett,2,Central (Cape Girardeau),0
2014-09-30,Farmington,0,Central (Park Hills),2
2014-09-30,St. Charles,1,Central (St. Joseph),2
2014-09-30,Montgomery County,0,Centralia,2
2014-09-30,Hayti,0,Clarkton,2
2014-09-30,Parkway West,2,Clayton,0
2014-09-30,Transportation and Law,0,Cleveland NJROTC,2
2014-09-30,Windsor,0,Cole Camp,2
2014-09-30,Cabool,2,Conway,0
2014-09-30,Nerinx Hall,0,Cor Jesu Academy,2
2014-09-30,Charleston,0,Doniphan,2
2014-09-30,Midway,2,Drexel,0
2014-09-30,Cassville,0,East Newton,2
2014-09-30,Battle,0,Eldon,2
2014-09-30,Verona,1,Everton,2
2014-09-30,Chamois,0,Father Tolton,2
2014-09-30,Osage,0,Fatima,2
2014-09-30,Herculaneum,0,Festus,2
2014-09-30,Ava,1,Fordland,2
2014-09-30,Ft. Zumwalt West,0,Francis Howell Central,2
2014-09-30,Ft. Zumwalt South,0,Ft. Zumwalt East,2
2014-09-30,Holt,0,Ft. Zumwalt North,2
2014-09-30,Marshall,2,Fulton,0
2014-09-30,Forsyth,2,Galena,0
2014-09-30,Roosevelt,2,Gateway,1
2014-09-30,Campbell,0,Gideon,2
2014-09-30,Central (Springfield),0,Glendale,2
2014-09-30,Jasper,2,Golden City,0
2014-09-30,Excelsior Springs,1,Grain Valley,2
2014-09-30,Oak Grove,2,Harrisonville,0
2014-09-30,Hazelwood Central,2,Hazelwood East,0
2014-09-30,North Pemiscot,0,Holcomb,2
2014-09-30,Carrollton,0,Holden,2
2014-09-30,Bolivar,0,Hollister,2
2014-09-30,West Plains,2,Houston,0
2014-09-30,Ursuline Academy,2,Incarnate Word Academy,1
2014-09-30,McDonald County,0,Joplin,2
2014-09-30,Jefferson City,0,Kickapoo,2
2014-09-30,West County,1,Kingston,2
2014-09-30,Southern Boone,2,Kirksville,0
2014-09-30,Pattonville,0,Kirkwood,2
2014-09-30,Richmond,0,Knob Noster,2
2014-09-30,Willard,2,La Monte,0
2014-09-30,Parkway Central,0,Ladue Horton Watkins,2
2014-09-30,Chillicothe,2,Lafayette (St. Joseph),1
2014-09-30,Lexington,1,Lafayette County,2
2014-09-30,Carl Junction,2,Lamar,0
2014-09-30,Trenton,0,Lathrop,2
2014-09-30,Savannah,2,Lawson,0
2014-09-30,Blue Springs,2,Lee's Summit,1
2014-09-30,South Iron,0,Lesterville,2
2014-09-30,Miller,0,Liberal,2
2014-09-30,Oak Park,2,Liberty North,0
2014-09-30,Waynesville,2,Licking,0
2014-09-30,Central (Kansas City),0,Lincoln College Prep,2
2014-09-30,Greenfield,0,Lockwood,2
2014-09-30,North Platte,0,Lutheran (Kansas City),2
2014-09-30,Webster Groves,2,Lutheran South,1
2014-09-30,John F. Kennedy,0,Lutheran St. Charles,2
2014-09-30,Fairfax,0,Maryville,2
2014-09-30,Southwest (Washburn),2,McAuley Catholic,0
2014-09-30,Hazelwood East,0,McCluer,2
2014-09-30,McCluer,2,McCluer North,0
2014-09-30,Maplewood-Richmond Hts.,2,McCluer South-Berkeley,1
2014-09-30,Waynesville,0,Metro,2
2014-09-30,Lakeland,2,Miami (Amoret),0
2014-09-30,Visitation Academy,0,MICDS,2
2014-09-30,St. James,2,Mid-Buchanan,0
2014-09-30,Seneca,2,Monett,0
2014-09-30,Aurora,2,Mt. Vernon,1
2014-09-30,Republic,2,Neosho,0
2014-09-30,Webb City,0,New Haven,2
2014-09-30,Ozark,2,Nixa,1
2014-09-30,Missouri School for the Deaf,0,North Callaway,2
2014-09-30,Fredericktown,0,North County,2
2014-09-30,Sacred Heart,2,Northwest (Hughesville),1
2014-09-30,St. Joseph's Academy,2,Notre Dame (St. Louis),0
2014-09-30,Sparta,0,Notre Dame de Sion,2
2014-09-30,Nevada,0,O'Hara,2
2014-09-30,Chilhowee,0,Orrick,2
2014-09-30,Wentworth Military Academy,0,Orrick,2
2014-09-30,Adrian,1,Osceola,2
2014-09-30,Calhoun,0,Otterville,2
2014-09-30,Owensville,0,Pacific,2
2014-09-30,Rockwood Summit,0,Parkway North,2
2014-09-30,Notre Dame (Cape Girardeau),1,Perryville,2
2014-09-30,Diamond,0,Pierce City,2
2014-09-30,Winnetonka,0,Platte County,2
2014-09-30,Odessa,0,Pleasant Hill,2
2014-09-30,Fair Grove,2,Pleasant Hope,0
2014-09-30,Ste. Genevieve,2,Potosi,1
2014-09-30,Seneca,0,Puxico,2
2014-09-30,Lee's Summit North,2,Raymore-Peculiar,0
2014-09-30,Kearney,2,Raytown South,0
2014-09-30,Marshfield,2,Reeds Spring,0
2014-09-30,Butler,0,Rich Hill,2
2014-09-30,Malden,2,Richland (Essex),0
2014-09-30,Mehlville,2,Ritenour,0
2014-09-30,Salem,0,Rolla,2
2014-09-30,Park Hill South,2,Ruskin,0
2014-09-30,Hallsville,1,Sarcoxie,2
2014-09-30,Purdy,2,Sarcoxie,0
2014-09-30,Versailles,1,Sherwood,3
2014-09-30,Portageville,1,Sikeston,2
2014-09-30,Stockton,0,Skyline,2
2014-09-30,Center,0,Savannah,2
2014-09-30,Lincoln,0,Smithton,2
2014-09-30,Senath-Hornersville,0,Summersville,2
2014-09-30,Cristo Rey,1,Southeast,1
2014-09-30,Cooter,0,Sweet Springs,2
2014-09-30,East (Kansas City),0,Southwest Early College,2
2014-09-30,Blue Eye,1,Spokane,2
2014-09-30,Warrenton,1,St. Charles,2
2014-09-30,Hermann,2,St. Clair,1
2014-09-30,Duchesne,0,St. Dominic,2
2014-09-30,Tarkio,2,St. James,0
2014-09-30,Santa Fe,2,St. Paul Lutheran (Concordia),1
2014-09-30,Ellington,2,St. Paul Lutheran (Farmington),1
2014-09-30,Jefferson (Festus),0,St. Pius X (Festus),2
2014-09-30,Clinton,0,St. Pius X (Kansas City),2
2014-09-30,DeSoto,1,St. Vincent,2
2014-09-30,Fort Osage,0,Staley,2
2014-09-30,Dixon,0,Warsaw,2
2014-09-30,Marionville,0,Winona,2
2014-09-30,Soldan International Studies,2,West Plains,1
2014-09-30,Concordia,2,Sweet Springs,0
2014-09-30,Plato,0,Thayer,2
2014-09-30,Francis Howell North,1,Timberland,2
2014-09-30,Green Ridge,2,Tipton,0
2014-09-30,Cardinal Ritter,0,Trinity Catholic,2
2014-09-30,Francis Howell,2,Troy Buchanan,0
2014-09-30,Bernie,2,St. Clair,0
2014-09-30,Arcadia Valley,0,Valle Catholic,2
2014-09-30,Crossroads College Preparatory,2,Valley Park,0
2014-09-30,California,2,Versailles,1
2014-09-30,Cuba,0,Viburnum,2
2014-09-30,Lafayette (Wildwood),2,Villa Duchesne,1
2014-09-30,Eureka,1,Washington,2
2014-09-30,Lone Jack,1,Wellington-Napoleon,2
2014-09-30,Chilhowee,2,Wentworth Military Academy,0
2014-09-30,Bishop LeBlond,2,West Platte,0
2014-09-30,John Burroughs,0,Westminster Christian Academy,2
2014-09-30,North Kansas City,2,William Chrisman,0
2014-09-30,Willow Springs,0,Winona,2
2014-09-30,Meadow Heights,2,Zalma,1
2014-10-01,Warrenton,1,Barat Academy,1
2014-10-01,Cardinal Ritter,0,Bayless,2
2014-10-01,Risco,0,Central (New Madrid County),2
2014-10-01,Jennings,0,Clayton,2
2014-10-01,Mehlville,0,Cor Jesu Academy,2
2014-10-01,Lutheran North,2,Crossroads College Preparatory,0
2014-10-01,Parkway North,2,Ft. Zumwalt North,1
2014-10-01,Versailles,2,Grandview,0
2014-10-01,Hillcrest,0,Kickapoo,2
2014-10-01,Lone Jack,2,Kingsville,0
2014-10-01,Hazelwood East,0,McCluer,2
2014-10-01,Gateway,0,Metro,2
2014-10-01,Normandy Collaborative,2,Miller Career Academy,1
2014-10-01,Kirkwood,0,Nerinx Hall,2
2014-10-01,Hancock,0,Notre Dame (St. Louis),2
2014-10-01,Meadow Heights,2,Oak Ridge,0
2014-10-01,Seckman,0,Oakville,2
2014-10-01,Hillsboro,2,Pacific,1
2014-10-01,Westminster Christian Academy,2,Parkway Central,1
2014-10-01,Hickman,1,Sacred Heart,2
2014-10-01,St. Dominic,0,St. Joseph's Academy,2
2014-10-01,Warrensburg,0,St. Pius X (Kansas City),2
2014-10-01,Orchard Farm,0,Veritas Christian Academy,2
2014-10-01,Holt,2,Visitation Academy,0
2014-10-01,Lindbergh,1,Webster Groves,2
2014-10-02,Drexel,0,Adrian,2
2014-10-02,Zalma,0,Advance,2
2014-10-02,Kingston,0,Arcadia Valley,2
2014-10-02,Monett,0,Aurora,2
2014-10-02,Conway,0,Ava,2
2014-10-02,Lakeland,2,Ballard,0
2014-10-02,Clarkton,2,Bell City,1
2014-10-02,Grandview,0,Belton,2
2014-10-02,Maryville,2,Benton,0
2014-10-02,Bloomfield,2,Bernie,0
2014-10-02,Lee's Summit West,2,Blue Springs,1
2014-10-02,Marshfield,0,Buffalo,2
2014-10-02,Warsaw,0,Butler,2
2014-10-02,Chilhowee,2,Calhoun,0
2014-10-02,Mexico,0,California,2
2014-10-02,Joplin,2,Camdenton,0
2014-10-02,John F. Kennedy,2,Cardinal Ritter,0
2014-10-02,Cassville,0,Carl Junction,2
2014-10-02,Lafayette County,2,Carrollton,1
2014-10-02,Central (New Madrid County),2,Caruthersville,0
2014-10-02,Calvary Lutheran,2,Chamois,0
2014-10-02,Savannah,2,Chillicothe,0
2014-10-02,Hollister,2,Clever,0
2014-10-02,Nevada,2,Clinton,0
2014-10-02,Green Ridge,1,Cole Camp,1
2014-10-02,Tipton,0,Cole Camp,2
2014-10-02,Brookfield,0,Concordia,2
2014-10-02,Greenville,2,Doniphan,0
2014-10-02,Springfield Catholic,1,Duchesne,2
2014-10-02,University Academy Charter,2,East (Kansas City),0
2014-10-02,North Platte,2,East Buchanan,0
2014-10-02,Wright City,1,Eminence,2
2014-10-02,Southern Boone,2,Eugene,0
2014-10-02,Niangua,0,Everton,2
2014-10-02,Winona,1,Fair Grove,2
2014-10-02,North County,1,Farmington,2
2014-10-02,Battle,0,Fatima,2
2014-10-02,St. Pius X (Festus),2,Festus,0
2014-10-02,Bradleyville,0,Fordland,2
2014-10-02,Ste. Genevieve,2,Fredericktown,0
2014-10-02,Washington,2,Ft. Zumwalt North,1
2014-10-02,Ft. Zumwalt East,0,Ft. Zumwalt West,2
2014-10-02,Malden,2,Gideon,0
2014-10-02,West Plains,0,Glendale,2
2014-10-02,Northwest (Hughesville),0,Green Ridge,2
2014-10-02,Diamond,2,Greenfield,1
2014-10-02,Osage,2,Hallsville,0
2014-10-02,Grain Valley,2,Harrisonville,1
2014-10-02,McCluer North,2,Hazelwood West,1
2014-10-02,Blair Oaks,0,Helias Catholic,2
2014-10-02,Knob Noster,1,Holden,2
2014-10-02,Chadwick,0,Hurley,2
2014-10-02,Pierce City,2,Jasper,0
2014-10-02,Perryville,2,Jefferson (Festus),0
2014-10-02,Clayton,0,John Burroughs,2
2014-10-02,Blue Springs South,0,Kearney,2
2014-10-02,Fulton,2,Kirksville,0
2014-10-02,Northwest (Hughesville),2,La Monte,0
2014-10-02,Tipton,1,La Monte,1
2014-10-02,Bishop LeBlond,2,Lafayette (St. Joseph),0
2014-10-02,Parkway South,0,Lafayette (Wildwood),2
2014-10-02,Mid-Buchanan,1,Lawson,2
2014-10-02,Rolla,0,Lebanon,2
2014-10-02,Lee's Summit,0,Lee's Summit North,2
2014-10-02,Jackson,0,Leopold,2
2014-10-02,Richmond,0,Lexington,2
2014-10-02,Sacred Heart,2,Lincoln,0
2014-10-02,Smithton,1,Lincoln,1
2014-10-02,Willard,2,Lincoln,0
2014-10-02,Windsor,2,Lincoln,0
2014-10-02,Northeast (Kansas City),0,Lincoln College Prep,2
2014-10-02,Dixon,0,Linn,2
2014-10-02,Bolivar,0,Logan-Rogersville,2
2014-10-02,Bishop DuBourg,0,Lutheran St. Charles,2
2014-10-02,Wentworth Military Academy,0,Malta Bend,2
2014-10-02,Eureka,2,Marquette,1
2014-10-02,Santa Fe,2,Marshall,0
2014-10-02,Lockwood,2,McAuley Catholic,0
2014-10-02,Lift for Life Academy Charter,0,McCluer South-Berkeley,2
2014-10-02,Saxony Lutheran,2,Meadow Heights,1
2014-10-02,Golden City,0,Miller,2
2014-10-02,College Preparatory,1,Miller Career Academy,2
2014-10-02,Lamar,0,Mt. Vernon,2
2014-10-02,Ozark,2,Neosho,0
2014-10-02,St. James,0,New Haven,2
2014-10-02,Liberal,0,New Heights Christian,2
2014-10-02,Liberty North,0,North Kansas City,2
2014-10-02,Bronaugh,2,Northeast Vernon County,0
2014-10-02,Lindbergh,1,Northwest (Cedar Hill),2
2014-10-02,Staley,0,Oak Park,2
2014-10-02,Excelsior Springs,0,Odessa,2
2014-10-02,St. Paul Lutheran (Concordia),2,Orrick,0
2014-10-02,Hermann,2,Owensville,0
2014-10-02,Ruskin,0,Park Hill,2
2014-10-02,Central (St. Joseph),0,Park Hill South,2
2014-10-02,Barstow,2,Pembroke Hill,1
2014-10-02,Lathrop,2,Penney,0
2014-10-02,Oak Grove,0,Pleasant Hill,2
2014-10-02,Stockton,2,Pleasant Hope,0
2014-10-02,Dexter,2,Poplar Bluff,0
2014-10-02,Holcomb,1,Portageville,2
2014-10-02,Central (Park Hills),2,Potosi,0
2014-10-02,Ladue Horton Watkins,2,Principia,0
2014-10-02,Spokane,0,Purdy,2
2014-10-02,William Chrisman,2,Raytown,0
2014-10-02,Nixa,0,Republic,2
2014-10-02,Archie,2,Rich Hill,1
2014-10-02,Hazelwood Central,2,Riverview Gardens,0
2014-10-02,Hannibal,0,Rock Bridge,2
2014-10-02,West Plains,0,Roosevelt,2
2014-10-02,Woodland,2,Seneca,0
2014-10-02,Delta (Deering),0,Senath-Hornersville,2
2014-10-02,East Newton,1,Seneca,2
2014-10-02,Notre Dame (Cape Girardeau),2,Sikeston,0
2014-10-02,Willard,2,Smithton,0
2014-10-02,Cameron,0,Sparta,2
2014-10-02,Carnahan,1,Soldan International Studies,2
2014-10-02,Bunker,0,South Iron,2
2014-10-02,Hogan Prep Academy Charter,0,Southwest Early College,2
2014-10-02,Reeds Spring,1,Springfield Catholic,2
2014-10-02,Pattonville,2,St. Charles West,1
2014-10-02,St. Dominic,2,St. Joseph's Academy,1
2014-10-02,Warrensburg,0,St. Pius X (Kansas City),2
2014-10-02,Sacred Heart,2,Willard,0
2014-10-02,Pacific,0,Webb City,2
2014-10-02,St. Charles,0,Timberland,2
2014-10-02,Windsor,2,Tipton,0
2014-10-02,Metro,2,Transportation and Law,0
2014-10-02,Ft. Zumwalt South,0,Troy Buchanan,2
2014-10-02,Liberty,2,St. Charles,0
2014-10-02,Puxico,2,St. Clair,0
2014-10-02,St. Clair,0,Tarkio,2
2014-10-02,Valle Catholic,2,Valley,0
2014-10-02,Crystal City,2,Valley Park,0
2014-10-02,McKinley Classical Leadership,0,Waynesville,2
2014-10-02,Trinity Catholic,0,Veritas Christian Academy,2
2014-10-02,Thomas Jefferson Independent Day,0,Verona,2
2014-10-02,Sarcoxie,0,Versailles,2
2014-10-02,Lutheran South,0,Villa Duchesne,2
2014-10-02,Ursuline Academy,2,Visitation Academy,0
2014-10-02,Parkview,0,Waynesville,2
2014-10-02,Carthage,2,Webb City,0
2014-10-02,Crest Ridge,0,Wellington-Napoleon,2
2014-10-02,Bismarck,2,West County,0
2014-10-02,Plattsburg,0,West Platte,2
2014-10-02,Branson,0,Willard,2
2014-10-02,Plato,0,Willow Springs,2
2014-10-02,Sacred Heart,2,Windsor,0
2014-10-02,St. Vincent,0,Windsor (Imperial),2
2014-10-02,Raytown South,0,Winnetonka,2
2014-10-02,Mountain Grove,1,Winona,2
2014-10-02,Centralia,2,Wright City,0
2014-10-03,Richland (Essex),0,Bernie,2
2014-10-03,Notre Dame (St. Louis),0,Bishop DuBourg,2
2014-10-03,Bayless,0,Brentwood,2
2014-10-03,Exeter,2,Chadwick,0
2014-10-03,Plato,0,Dixon,2
2014-10-03,South Iron,2,Ellington,0
2014-10-03,Crossroads College Preparatory,1,Hancock,2
2014-10-03,Ritenour,2,Hazelwood West,0
2014-10-03,Sheldon,0,Hume,2
2014-10-03,Oak Ridge,2,Marquand-Zion,0
2014-10-03,John F. Kennedy,0,MICDS,2
2014-10-03,Saxony Lutheran,0,Notre Dame (Cape Girardeau),2
2014-10-03,Greenville,2,Puxico,1
2014-10-03,Ft. Zumwalt South,0,Seckman,2
2014-10-03,Campbell,2,Summersville,0
2014-10-03,Galena,1,Spokane,2
2014-10-03,St. Teresa's Academy,0,St. Joseph's Academy,2
2014-10-04,North Technical,0,Affton,2
2014-10-04,Notre Dame (St. Louis),0,Affton,2
2014-10-04,John F. Kennedy,0,Affton,2
2014-10-04,Central (Park Hills),2,Arcadia Valley,0
2014-10-04,Bishop DuBourg,1,Arcadia Valley,1
2014-10-04,Perryville,0,Arcadia Valley,2
2014-10-04,Saxony Lutheran,1,Arcadia Valley,1
2014-10-04,Diamond,2,Ash Grove,0
2014-10-04,Neosho,0,Ash Grove,2
2014-10-04,Webb City,2,Ash Grove,0
2014-10-04,Logan-Rogersville,2,Ash Grove,0
2014-10-04,Hollister,0,Aurora,2
2014-10-04,Central (Springfield),2,Aurora,0
2014-10-04,Branson,2,Aurora,1
2014-10-04,Mt. Vernon,1,Aurora,2
2014-10-04,McDonald County,0,Aurora,2
2014-10-04,Bourbon,1,Belle,1
2014-10-04,Eugene,1,Belle,1
2014-10-04,Sarcoxie,1,Belle,2
2014-10-04,Linn,2,Belle,0
2014-10-04,Bishop LeBlond,1,Benton,1
2014-10-04,Central (Park Hills),2,Bernie,0
2014-10-04,Lesterville,0,Bernie,2
2014-10-04,Clearwater,2,Bernie,0
2014-10-04,Valle Catholic,2,Bernie,0
2014-10-04,Perryville,0,Bernie,2
2014-10-04,Saxony Lutheran,0,Bishop DuBourg,2
2014-10-04,Valle Catholic,0,Bishop DuBourg,2
2014-10-04,St. Vincent,0,Bishop DuBourg,2
2014-10-04,Clearwater,1,Bismarck,1
2014-10-04,Bloomfield,0,Bismarck,2
2014-10-04,Seneca,0,Bismarck,2
2014-10-04,Perryville,2,Bismarck,0
2014-10-04,St. Vincent,2,Bismarck,1
2014-10-04,Versailles,0,Blair Oaks,2
2014-10-04,Eldon,0,Blair Oaks,2
2014-10-04,Clearwater,1,Bloomfield,1
2014-10-04,Seneca,0,Bloomfield,2
2014-10-04,Perryville,2,Bloomfield,0
2014-10-04,Fair Grove,2,Bolivar,0
2014-10-04,Mexico,0,Boonville,2
2014-10-04,Blair Oaks,2,Boonville,0
2014-10-04,Eldon,1,Boonville,1
2014-10-04,Versailles,0,Boonville,2
2014-10-04,Linn,2,Bourbon,0
2014-10-04,Eugene,2,Bourbon,0
2014-10-04,Pierce City,0,Branson,2
2014-10-04,Parkview,0,Buffalo,2
2014-10-04,Fair Grove,1,Buffalo,1
2014-10-04,Hillcrest,1,Buffalo,2
2014-10-04,Bolivar,0,Buffalo,2
2014-10-04,Osceola,0,Buffalo,2
2014-10-04,Winona,2,Buffalo,0
2014-10-04,Marquand-Zion,0,Bunker,2
2014-10-04,Eminence,1,Cabool,1
2014-10-04,Willard,2,Cabool,0
2014-10-04,Liberty (Mountain View),2,Cabool,0
2014-10-04,Licking,1,Cabool,2
2014-10-04,Salem,0,Cabool,2
2014-10-04,Houston,0,Cabool,2
2014-10-04,Hermann,0,Camdenton,2
2014-10-04,Lebanon,2,Camdenton,0
2014-10-04,Glendale,1,Camdenton,1
2014-10-04,Lindbergh,2,Camdenton,0
2014-10-04,East Newton,1,Carthage,1
2014-10-04,Joplin,0,Carthage,2
2014-10-04,Reeds Spring,0,Carthage,2
2014-10-04,Lockwood,1,Carthage,1
2014-10-04,Logan-Rogersville,2,Carthage,0
2014-10-04,Hillcrest,2,Cassville,0
2014-10-04,Stockton,1,Cassville,1
2014-10-04,Osceola,2,Cassville,0
2014-10-04,St. Vincent,2,Central (Cape Girardeau),0
2014-10-04,Seneca,1,Central (Cape Girardeau),2
2014-10-04,Saxony Lutheran,2,Central (Cape Girardeau),0
2014-10-04,Valle Catholic,1,Central (Park Hills),1
2014-10-04,Lesterville,0,Central (Park Hills),2
2014-10-04,Perryville,0,Central (Park Hills),2
2014-10-04,Bishop DuBourg,2,Central (Park Hills),0
2014-10-04,Mt. Vernon,1,Central (Springfield),2
2014-10-04,Branson,2,Central (Springfield),0
2014-10-04,Benton,0,Central (St. Joseph),2
2014-10-04,Bishop LeBlond,2,Central (St. Joseph),0
2014-10-04,Pembroke Hill,0,Central (St. Joseph),2
2014-10-04,Maryville,0,Central (St. Joseph),2
2014-10-04,Calvary Lutheran,0,Centralia,2
2014-10-04,Dixon,0,Centralia,2
2014-10-04,Sarcoxie,0,Centralia,2
2014-10-04,Linn,0,Centralia,2
2014-10-04,Marionville,2,Chadwick,0
2014-10-04,Pleasant Hope,0,Chadwick,2
2014-10-04,Plato,1,Chadwick,1
2014-10-04,Perryville,2,Clearwater,0
2014-10-04,Seneca,0,Clearwater,2
2014-10-04,La Monte,0,Cole Camp,2
2014-10-04,Northwest (Hughesville),0,Cole Camp,2
2014-10-04,Willard,1,Cole Camp,2
2014-10-04,Green Ridge,2,Cole Camp,0
2014-10-04,Orrick,0,Concordia,2
2014-10-04,St. Paul Lutheran (Concordia),1,Concordia,1
2014-10-04,Santa Fe,2,Concordia,0
2014-10-04,Sweet Springs,0,Concordia,2
2014-10-04,Wellington-Napoleon,0,Concordia,2
2014-10-04,Nerinx Hall,0,Cor Jesu Academy,2
2014-10-04,Winona,2,Crane,0
2014-10-04,St. Paul Lutheran (Concordia),2,Crest Ridge,0
2014-10-04,Santa Fe,2,Crest Ridge,0
2014-10-04,Wellington-Napoleon,0,Crest Ridge,2
2014-10-04,Lone Jack,2,Crest Ridge,0
2014-10-04,Sweet Springs,0,Crest Ridge,2
2014-10-04,Concordia,2,Crest Ridge,0
2014-10-04,Bunker,1,Crystal City,2
2014-10-04,Kingston,2,Crystal City,0
2014-10-04,West County,1,Crystal City,2
2014-10-04,Fredericktown,1,DeSoto,1
2014-10-04,Central (Cape Girardeau),0,DeSoto,2
2014-10-04,North County,1,DeSoto,1
2014-10-04,St. Vincent,2,DeSoto,0
2014-10-04,Clearwater,2,DeSoto,1
2014-10-04,Neosho,0,Diamond,2
2014-10-04,Calvary Lutheran,2,Dixon,0
2014-10-04,Sarcoxie,1,Dixon,1
2014-10-04,Sherwood,0,Drexel,2
2014-10-04,Father Tolton,1,Drexel,2
2014-10-04,Lockwood,0,East Newton,2
2014-10-04,Joplin,2,East Newton,0
2014-10-04,Webb City,1,East Newton,2
2014-10-04,Winona,2,El Dorado Springs,0
2014-10-04,Crane,2,El Dorado Springs,0
2014-10-04,Fair Grove,0,El Dorado Springs,2
2014-10-04,Houston,0,Eminence,2
2014-10-04,Liberty (Mountain View),2,Eminence,0
2014-10-04,Calvary Lutheran,1,Eugene,2
2014-10-04,Linn,2,Eugene,0
2014-10-04,Webb City,2,Festus,0
2014-10-04,Rockwood Summit,2,Festus,0
2014-10-04,Troy Buchanan,2,Festus,0
2014-10-04,Parkway Central,1,Festus,1
2014-10-04,Timberland,2,Festus,1
2014-10-04,Francis Howell Central,0,Francis Howell,2
2014-10-04,Springfield Catholic,0,Francis Howell,2
2014-10-04,Pattonville,0,Francis Howell,2
2014-10-04,Webster Groves,1,Francis Howell,2
2014-10-04,Kirkwood,0,Francis Howell,2
2014-10-04,St. Charles,0,Francis Howell Central,2
2014-10-04,Kirkwood,2,Francis Howell Central,1
2014-10-04,Parkway South,0,Francis Howell Central,2
2014-10-04,Webster Groves,2,Francis Howell Central,0
2014-10-04,Hickman,0,Francis Howell North,2
2014-10-04,Republic,2,Francis Howell North,0
2014-10-04,Lebanon,1,Francis Howell North,1
2014-10-04,St. Vincent,1,Fredericktown,1
2014-10-04,North County,2,Fredericktown,0
2014-10-04,Central (Cape Girardeau),0,Fredericktown,2
2014-10-04,Bloomfield,2,Fredericktown,0
2014-10-04,Hermann,0,Glendale,2
2014-10-04,Lebanon,0,Glendale,2
2014-10-04,Lindbergh,1,Glendale,1
2014-10-04,Francis Howell,0,Glendale,2
2014-10-04,Francis Howell North,0,Glendale,2
2014-10-04,Marquand-Zion,1,Grandview,2
2014-10-04,Kingston,2,Grandview (Hillsboro),0
2014-10-04,Marquand-Zion,1,Grandview (Hillsboro),2
2014-10-04,Valley,2,Grandview (Hillsboro),0
2014-10-04,La Monte,0,Green Ridge,2
2014-10-04,Tipton,0,Green Ridge,2
2014-10-04,Sacred Heart,0,Green Ridge,2
2014-10-04,Lindbergh,1,Hermann,1
2014-10-04,Republic,0,Hermann,2
2014-10-04,Lebanon,2,Hickman,0
2014-10-04,Republic,2,Hickman,0
2014-10-04,Lindbergh,2,Hickman,0
2014-10-04,Stockton,1,Hillcrest,1
2014-10-04,Osceola,2,Hillcrest,0
2014-10-04,Crane,1,Hillcrest,2
2014-10-04,El Dorado Springs,2,Hillcrest,0
2014-10-04,Central (Springfield),2,Hollister,0
2014-10-04,McDonald County,0,Hollister,2
2014-10-04,Liberty (Mountain View),2,Houston,0
2014-10-04,Ursuline Academy,2,Incarnate Word Academy,0
2014-10-04,Saxony Lutheran,0,Jackson,2
2014-10-04,Bishop DuBourg,2,Jackson,0
2014-10-04,Arcadia Valley,2,Jackson,0
2014-10-04,Lesterville,1,Jackson,2
2014-10-04,Bloomfield,1,Jackson,2
2014-10-04,Crossroads College Preparatory,2,Jennings,0
2014-10-04,Ritenour,2,Jennings,0
2014-10-04,McCluer,2,Jennings,0
2014-10-04,University City,0,Jennings,2
2014-10-04,Roosevelt,0,Jennings,2
2014-10-04,Notre Dame (St. Louis),0,John F. Kennedy,2
2014-10-04,Lockwood,0,Joplin,2
2014-10-04,Diamond,0,Joplin,2
2014-10-04,Logan-Rogersville,2,Joplin,0
2014-10-04,Valley,1,Kingston,2
2014-10-04,Warsaw,2,Kingston,0
2014-10-04,St. Charles,0,Kirkwood,2
2014-10-04,Webster Groves,0,Kirkwood,2
2014-10-04,Parkway South,1,Kirkwood,2
2014-10-04,Drexel,2,Knob Noster,0
2014-10-04,Father Tolton,1,Knob Noster,2
2014-10-04,Willard,2,Koshkonong,0
2014-10-04,Willow Springs,2,Koshkonong,0
2014-10-04,Licking,2,Koshkonong,0
2014-10-04,Mountain Grove,2,Koshkonong,0
2014-10-04,Lincoln,2,La Monte,0
2014-10-04,Maryville,2,Lafayette (St. Joseph),0
2014-10-04,Pembroke Hill,0,Lafayette (St. Joseph),2
2014-10-04,Father Tolton,2,Lakeland,0
2014-10-04,Sherwood,2,Lakeland,1
2014-10-04,Reeds Spring,2,Lamar,0
2014-10-04,Logan-Rogersville,2,Lamar,0
2014-10-04,Neosho,1,Lamar,1
2014-10-04,Republic,1,Lebanon,1
2014-10-04,Valle Catholic,2,Lesterville,0
2014-10-04,Licking,0,Liberty (Mountain View),2
2014-10-04,Willow Springs,0,Licking,2
2014-10-04,Mountain Grove,0,Licking,2
2014-10-04,Willard,2,Lincoln,0
2014-10-04,Lebanon,2,Lindbergh,0
2014-10-04,Reeds Spring,0,Logan-Rogersville,2
2014-10-04,Neosho,0,Logan-Rogersville,2
2014-10-04,St. Paul Lutheran (Concordia),2,Lone Jack,0
2014-10-04,Santa Fe,2,Lone Jack,0
2014-10-04,Wellington-Napoleon,2,Lone Jack,0
2014-10-04,Father Tolton,2,Malta Bend,0
2014-10-04,Plato,0,Marionville,2
2014-10-04,Pleasant Hope,0,Marionville,2
2014-10-04,West County,2,Marquand-Zion,0
2014-10-04,Hannibal,0,Marshall,2
2014-10-04,Benton,1,Maryville,2
2014-10-04,Pembroke Hill,1,Maryville,1
2014-10-04,Crossroads College Preparatory,1,McCluer,2
2014-10-04,Ritenour,2,McCluer,0
2014-10-04,University City,0,McCluer,2
2014-10-04,Roosevelt,0,McCluer,2
2014-10-04,Wright City,2,McCluer North,1
2014-10-04,Principia,0,McCluer North,2
2014-10-04,Barat Academy,2,McCluer North,0
2014-10-04,Central (Springfield),2,McDonald County,0
2014-10-04,Mexico,0,Metro,2
2014-10-04,Rolla,2,Metro,0
2014-10-04,Eldon,2,Mexico,0
2014-10-04,Rolla,2,Mexico,0
2014-10-04,Willow Springs,0,Mountain Grove,2
2014-10-04,Branson,2,Mt. Vernon,0
2014-10-04,Pierce City,0,Mt. Vernon,2
2014-10-04,Winona,2,Nevada,0
2014-10-04,St. Vincent,2,North County,0
2014-10-04,Central (Cape Girardeau),0,North County,2
2014-10-04,Perryville,2,North County,0
2014-10-04,Notre Dame (St. Louis),2,North County,0
2014-10-04,John F. Kennedy,2,North Technical,0
2014-10-04,Notre Dame (St. Louis),2,North Technical,0
2014-10-04,Tipton,1,Northwest (Hughesville),1
2014-10-04,Smithton,1,Northwest (Hughesville),2
2014-10-04,Windsor,1,Northwest (Hughesville),2
2014-10-04,Warrenton,2,Orchard Farm,0
2014-10-04,St. Joseph's Academy,0,Orchard Farm,2
2014-10-04,St. Paul Lutheran (Concordia),2,Orrick,0
2014-10-04,Sweet Springs,1,Orrick,1
2014-10-04,Santa Fe,2,Orrick,0
2014-10-04,Stockton,0,Osceola,2
2014-10-04,St. Teresa's Academy,0,Ozark,2
2014-10-04,Ste. Genevieve,2,Pacific,0
2014-10-04,Warrenton,2,Pacific,1
2014-10-04,Fair Grove,2,Parkview,0
2014-10-04,Bolivar,1,Parkview,1
2014-10-04,Timberland,1,Parkway Central,1
2014-10-04,Lutheran South,2,Parkway Central,0
2014-10-04,Rockwood Summit,0,Parkway Central,2
2014-10-04,Troy Buchanan,2,Parkway Central,0
2014-10-04,St. Charles,0,Parkway South,2
2014-10-04,Springfield Catholic,2,Parkway South,0
2014-10-04,Springfield Catholic,0,Pattonville,2
2014-10-04,Webster Groves,2,Pattonville,1
2014-10-04,St. Charles,1,Pattonville,2
2014-10-04,Bishop DuBourg,2,Perryville,0
2014-10-04,Seneca,0,Perryville,2
2014-10-04,Pleasant Hope,0,Plato,2
2014-10-04,Barat Academy,2,Principia,1
2014-10-04,Neosho,1,Reeds Spring,1
2014-10-04,Crossroads College Preparatory,0,Ritenour,2
2014-10-04,Roosevelt,0,Ritenour,2
2014-10-04,University City,0,Ritenour,2
2014-10-04,Timberland,2,Rockwood Summit,0
2014-10-04,Lutheran South,2,Rockwood Summit,0
2014-10-04,Blair Oaks,0,Rolla,2
2014-10-04,Versailles,0,Rolla,2
2014-10-04,Crossroads College Preparatory,2,Roosevelt,0
2014-10-04,University City,2,Roosevelt,0
2014-10-04,Calvary Lutheran,2,Sarcoxie,0
2014-10-04,Eminence,2,Salem,0
2014-10-04,Liberty (Mountain View),2,Salem,0
2014-10-04,Houston,2,Salem,0
2014-10-04,St. Paul Lutheran (Concordia),0,Santa Fe,2
2014-10-04,Wellington-Napoleon,0,Santa Fe,2
2014-10-04,Father Tolton,2,Sherwood,0
2014-10-04,Central (Park Hills),2,Sikeston,0
2014-10-04,Lesterville,2,Sikeston,0
2014-10-04,Bernie,2,Sikeston,0
2014-10-04,Valle Catholic,2,Sikeston,0
2014-10-04,Saxony Lutheran,2,Sikeston,0
2014-10-04,Sacred Heart,2,Smithton,0
2014-10-04,Windsor,2,Smithton,0
2014-10-04,Rolla,2,Southern Boone,0
2014-10-04,Blair Oaks,2,Southern Boone,0
2014-10-04,Versailles,0,Southern Boone,2
2014-10-04,Warrenton,2,St. Clair,0
2014-10-04,Ste. Genevieve,2,St. Clair,1
2014-10-04,St. James,0,St. Clair,2
2014-10-04,Orchard Farm,0,St. Clair,2
2014-10-04,Warrenton,2,St. James,0
2014-10-04,Orchard Farm,1,St. James,1
2014-10-04,Ozark,0,St. Joseph's Academy,2
2014-10-04,Warrenton,0,Ste. Genevieve,2
2014-10-04,Bunker,0,Warsaw,2
2014-10-04,Valley,2,Warsaw,0
2014-10-04,Grandview,0,Warsaw,2
2014-10-04,Winona,2,Stockton,0
2014-10-04,Windsor,0,Willard,2
2014-10-04,Sacred Heart,2,Willard,1
2014-10-04,Timberland,2,Webb City,0
2014-10-04,Lutheran South,2,Webb City,0
2014-10-04,Troy Buchanan,2,Webb City,1
2014-10-04,St. Paul Lutheran (Concordia),2,Sweet Springs,0
2014-10-04,Troy Buchanan,0,Timberland,2
2014-10-04,Lutheran South,2,Timberland,0
2014-10-04,Windsor,2,Tipton,0
2014-10-04,Lutheran South,2,Troy Buchanan,0
2014-10-04,Pacific,2,Tarkio,0
2014-10-04,Ste. Genevieve,2,Tarkio,0
2014-10-04,Orchard Farm,2,Tarkio,0
2014-10-04,Crossroads College Preparatory,2,University City,0
2014-10-04,West County,2,Valley,0
2014-10-04,Diamond,1,Webb City,1
2014-10-04,Neosho,0,Webb City,2
2014-10-04,Springfield Catholic,0,Webster Groves,2
2014-10-04,Branson,2,West Plains,0
2014-10-04,Pierce City,0,West Plains,2
2014-10-04,Mt. Vernon,2,West Plains,0
2014-10-04,Mountain Grove,0,Willard,2
2014-10-04,Willow Springs,0,Willard,2
2014-10-04,Licking,0,Willard,2
2014-10-04,Liberty (Mountain View),1,Willard,2
2014-10-04,Sacred Heart,2,Windsor,0
2014-10-04,Principia,2,Wright City,1
2014-10-04,Barat Academy,2,Wright City,1
2014-10-05,McCluer South-Berkeley,0,McCluer,2
2014-10-06,Puxico,0,Advance,2
2014-10-06,Clever,0,Aurora,2
2014-10-06,Crossroads College Preparatory,0,Barat Academy,2
2014-10-06,Raytown,0,Belton,2
2014-10-06,Owensville,0,Blair Oaks,2
2014-10-06,Woodland,1,Bloomfield,2
2014-10-06,Billings,2,Blue Eye,0
2014-10-06,Raymore-Peculiar,1,Blue Springs,2
2014-10-06,Centralia,2,Bowling Green,0
2014-10-06,Greenville,2,Bunker,0
2014-10-06,Sherwood,3,Butler,2
2014-10-06,Kingsville,2,Calhoun,0
2014-10-06,Malta Bend,0,Calvary Lutheran,2
2014-10-06,Summersville,0,Campbell,2
2014-10-06,Neosho,0,Carl Junction,2
2014-10-06,Portageville,2,Caruthersville,0
2014-10-06,O'Hara,2,Center,0
2014-10-06,Farmington,2,Central (Cape Girardeau),0
2014-10-06,Perryville,2,Central (Park Hills),0
2014-10-06,Republic,2,Central (Springfield),1
2014-10-06,Smithton,2,Chilhowee,1
2014-10-06,North Pemiscot,0,Clarkton,2
2014-10-06,Central (Kansas City),0,Cristo Rey,2
2014-10-06,West County,0,Crystal City,2
2014-10-06,Warsaw,0,Cuba,2
2014-10-06,Sweet Springs,0,Delta (Deering),2
2014-10-06,Bell City,0,Dexter,2
2014-10-06,Thayer,0,Doniphan,2
2014-10-06,MICDS,0,Duchesne,2
2014-10-06,Cabool,2,Eminence,1
2014-10-06,Jackson,2,Fredericktown,0
2014-10-06,Parkway North,1,Ft. Zumwalt West,2
2014-10-06,Festus,2,Grandview (Hillsboro),0
2014-10-06,Kirksville,2,Hallsville,1
2014-10-06,Holcomb,1,Hayti,2
2014-10-06,Maplewood-Richmond Hts.,0,Hazelwood Central,2
2014-10-06,Affton,2,Herculaneum,0
2014-10-06,Helias Catholic,2,Hermann,0
2014-10-06,Winona,2,Houston,0
2014-10-06,Nerinx Hall,2,Incarnate Word Academy,0
2014-10-06,Hillsboro,0,Jefferson (Festus),2
2014-10-06,Rock Bridge,2,Jefferson City,0
2014-10-06,Sikeston,1,Kennett,2
2014-10-06,Francis Howell,2,Kirkwood,1
2014-10-06,Savannah,2,Lafayette (St. Joseph),0
2014-10-06,St. Charles,0,Lee's Summit West,2
2014-10-06,North County,2,Lesterville,0
2014-10-06,Trenton,0,Lexington,2
2014-10-06,Liberty North,0,Liberty,2
2014-10-06,Liberty (Mountain View),2,Licking,1
2014-10-06,East (Kansas City),1,Lincoln College Prep,2
2014-10-06,New Haven,2,Linn,0
2014-10-06,Summit Christian Academy,3,Lutheran (Kansas City),0
2014-10-06,Senath-Hornersville,0,Malden,2
2014-10-06,Saxony Lutheran,3,Marquand-Zion,0
2014-10-06,Plattsburg,0,Maryville,2
2014-10-06,McCluer,2,McCluer South-Berkeley,0
2014-10-06,Lamar,0,McDonald County,2
2014-10-06,North Technical,0,Metro,2
2014-10-06,Nodaway-Holt,0,Mid-Buchanan,2
2014-10-06,Seneca,2,Miller,1
2014-10-06,Chadwick,0,Niangua,2
2014-10-06,Kickapoo,1,Nixa,2
2014-10-06,Risco,1,North Pemiscot,2
2014-10-06,Santa Fe,2,Northwest (Hughesville),0
2014-10-06,Central (New Madrid County),0,Notre Dame (Cape Girardeau),2
2014-10-06,Springfield Catholic,2,Notre Dame (St. Louis),0
2014-10-06,William Chrisman,0,Oak Park,2
2014-10-06,Leopold,2,Oak Ridge,0
2014-10-06,Bolivar,2,Osage,1
2014-10-06,Hazelwood West,0,Pacific,2
2014-10-06,Northwest (Cedar Hill),2,Parkway South,0
2014-10-06,Chillicothe,2,Penney,0
2014-10-06,Wheaton,0,Pierce City,2
2014-10-06,Lee's Summit North,1,Platte County,2
2014-10-06,McCluer,2,Riverview Gardens,0
2014-10-06,Eugene,2,Sarcoxie,1
2014-10-06,Plato,2,Salem,0
2014-10-06,Galena,0,School of the Ozarks,2
2014-10-06,Summersville,2,Senath-Hornersville,1
2014-10-06,El Dorado Springs,2,Skyline,0
2014-10-06,Valley,3,South Iron,1
2014-10-06,Hogan Prep Academy Charter,1,Southeast,1
2014-10-06,Ft. Zumwalt South,0,St. Charles,2
2014-10-06,Belle,2,St. James,0
2014-10-06,Visitation Academy,0,St. Joseph's Academy,2
2014-10-06,DeSoto,0,St. Pius X (Festus),2
2014-10-06,Ash Grove,0,Stockton,2
2014-10-06,Conway,0,Winona,2
2014-10-06,Koshkonong,0,Thayer,2
2014-10-06,St. Joseph's Academy,2,Trinity Catholic,0
2014-10-06,Ste. Genevieve,2,Valle Catholic,1
2014-10-06,Greenfield,2,Verona,1
2014-10-06,Bourbon,0,Viburnum,2
2014-10-06,Mexico,0,Warrenton,2
2014-10-06,Versailles,2,Warsaw,0
2014-10-06,Lathrop,0,Wellington-Napoleon,2
2014-10-06,North Platte,2,West Platte,0
2014-10-06,Concordia,2,Windsor,0
2014-10-06,Seckman,0,Windsor (Imperial),2
2014-10-06,Wright City,0,Winfield,2
2014-10-06,Seneca,2,Zalma,0
2014-10-07,Bismarck,0,Arcadia Valley,2
2014-10-07,Miami (Amoret),0,Archie,2
2014-10-07,Fair Grove,2,Ash Grove,0
2014-10-07,Blair Oaks,2,Battle,0
2014-10-07,Raytown South,1,Belton,2
2014-10-07,Richland (Essex),0,Bernie,2
2014-10-07,John F. Kennedy,0,Bishop DuBourg,2
2014-10-07,Trenton,0,Bishop LeBlond,2
2014-10-07,Woodland,1,Bloomfield,2
2014-10-07,Buffalo,2,Bolivar,0
2014-10-07,Marshall,1,Boonville,2
2014-10-07,Forsyth,2,Bradleyville,1
2014-10-07,Carthage,2,Branson,0
2014-10-07,Fatima,2,California,0
2014-10-07,Montgomery County,2,Calvary Lutheran,0
2014-10-07,Notre Dame de Sion,2,Cameron,0
2014-10-07,Roosevelt,2,Carnahan,1
2014-10-07,O'Hara,2,Center,0
2014-10-07,Northeast (Kansas City),2,Central (Kansas City),1
2014-10-07,Ste. Genevieve,2,Central (Park Hills),1
2014-10-07,Kirksville,1,Centralia,2
2014-10-07,Oran,2,Charleston,1
2014-10-07,North Pemiscot,0,Clarkton,2
2014-10-07,Ladue Horton Watkins,2,Clayton,0
2014-10-07,Savannah,2,Clinton,0
2014-10-07,Brentwood,2,Crossroads College Preparatory,0
2014-10-07,St. Pius X (Festus),2,Crystal City,0
2014-10-07,Gideon,2,Delta (Deering),1
2014-10-07,Golden City,1,Diamond,2
2014-10-07,Cuba,2,Dixon,0
2014-10-07,McDonald County,0,East Newton,2
2014-10-07,Fulton,0,Eldon,2
2014-10-07,Ellington,0,Eminence,2
2014-10-07,Oakville,2,Eureka,1
2014-10-07,Chadwick,0,Everton,2
2014-10-07,Oak Grove,2,Excelsior Springs,1
2014-10-07,McAuley Catholic,2,Exeter,1
2014-10-07,Fredericktown,0,Farmington,2
2014-10-07,Wright City,1,Father Tolton,2
2014-10-07,St. Vincent,0,Festus,2
2014-10-07,Raytown,1,Fort Osage,2
2014-10-07,Marquette,2,Fox,0
2014-10-07,Ft. Zumwalt West,0,Francis Howell,2
2014-10-07,Francis Howell Central,2,Francis Howell North,1
2014-10-07,Ft. Zumwalt North,1,Ft. Zumwalt East,2
2014-10-07,Hurley,2,Galena,0
2014-10-07,Transportation and Law,0,Gateway,2
2014-10-07,Lebanon,0,Glendale,2
2014-10-07,Kearney,2,Grandview,0
2014-10-07,Leopold,2,Greenville,0
2014-10-07,North Technical,0,Hancock,2
2014-10-07,Hazelwood West,0,Hazelwood Central,2
2014-10-07,Webb City,0,Hermann,2
2014-10-07,East (Kansas City),2,Hogan Prep Academy Charter,0
2014-10-07,Springfield Catholic,1,Hollister,2
2014-10-07,Washington,2,Holt,0
2014-10-07,Mountain Grove,2,Houston,0
2014-10-07,Westminster Christian Academy,1,Incarnate Word Academy,2
2014-10-07,Miller,1,Jasper,2
2014-10-07,Kickapoo,2,Joplin,0
2014-10-07,Carrollton,0,Knob Noster,2
2014-10-07,Sacred Heart,2,La Monte,0
2014-10-07,Mehlville,0,Lafayette (Wildwood),2
2014-10-07,Skyline,2,Lakeland,0
2014-10-07,Aurora,2,Lamar,0
2014-10-07,Lawson,2,Lathrop,0
2014-10-07,Blue Springs South,1,Lee's Summit,2
2014-10-07,Lee's Summit North,0,Lee's Summit West,2
2014-10-07,Viburnum,0,Lesterville,2
2014-10-07,Holden,2,Lexington,0
2014-10-07,Pierce City,1,Liberal,2
2014-10-07,Ava,0,Liberty (Mountain View),2
2014-10-07,Northwest (Hughesville),2,Lincoln,0
2014-10-07,Crest Ridge,2,Lone Jack,0
2014-10-07,Orrick,0,Lutheran (Kansas City),2
2014-10-07,University City,0,Maplewood-Richmond Hts.,2
2014-10-07,Pleasant Hope,0,Marionville,2
2014-10-07,Logan-Rogersville,2,Marshfield,0
2014-10-07,Riverview Gardens,0,McCluer,2
2014-10-07,Hazelwood East,0,McCluer North,2
2014-10-07,Jennings,0,McCluer South-Berkeley,2
2014-10-07,McKinley Classical Leadership,0,Metro,2
2014-10-07,Brookfield,0,Mexico,2
2014-10-07,Cassville,0,Mt. Vernon,2
2014-10-07,Purdy,0,New Heights Christian,2
2014-10-07,Neosho,0,Nixa,2
2014-10-07,Bowling Green,2,North Callaway,0
2014-10-07,Staley,2,North Kansas City,0
2014-10-07,Mid-Buchanan,1,North Platte,2
2014-10-07,Hume,2,Northeast Vernon County,0
2014-10-07,Central (Cape Girardeau),0,Notre Dame (Cape Girardeau),2
2014-10-07,Duchesne,2,Notre Dame (St. Louis),0
2014-10-07,Winnetonka,0,Oak Park,2
2014-10-07,Grain Valley,2,Odessa,1
2014-10-07,Drexel,0,Osceola,2
2014-10-07,New Haven,2,Pacific,0
2014-10-07,Park Hill South,2,Park Hill,0
2014-10-07,Ritenour,1,Pattonville,2
2014-10-07,Wright City,2,Plato,0
2014-10-07,East Buchanan,2,Plattsburg,0
2014-10-07,Harrisonville,0,Pleasant Hill,2
2014-10-07,Winona,0,Poplar Bluff,2
2014-10-07,North County,2,Potosi,0
2014-10-07,John Burroughs,2,Principia,1
2014-10-07,Ozark,2,Republic,0
2014-10-07,Adrian,2,Rich Hill,0
2014-10-07,Lafayette County,2,Richmond,0
2014-10-07,Kirkwood,2,Rockwood Summit,0
2014-10-07,Hillcrest,0,Rolla,2
2014-10-07,St. Dominic,2,Springfield Catholic,0
2014-10-07,Liberty,2,Ruskin,0
2014-10-07,Cabool,2,Salem,0
2014-10-07,Greenfield,2,Sarcoxie,0
2014-10-07,Central (New Madrid County),2,Seneca,0
2014-10-07,Lindbergh,2,Seckman,0
2014-10-07,Ballard,0,Sheldon,2
2014-10-07,Green Ridge,2,Smithton,0
2014-10-07,Lincoln College Prep,0,Sparta,2
2014-10-07,College Preparatory,0,Soldan International Studies,2
2014-10-07,Warsaw,0,Southern Boone,2
2014-10-07,Fordland,2,Spokane,0
2014-10-07,St. Charles,0,St. Charles West,2
2014-10-07,St. Clair,2,St. James,1
2014-10-07,Grandview (Hillsboro),2,St. Paul Lutheran (Farmington),0
2014-10-07,Bourbon,0,Warsaw,2
2014-10-07,Windsor,0,Willard,2
2014-10-07,Cleveland NJROTC,2,West Plains,0
2014-10-07,Willow Springs,2,Thayer,0
2014-10-07,Cole Camp,2,Tipton,0
2014-10-07,Lutheran St. Charles,2,Trinity Catholic,0
2014-10-07,Timberland,1,Troy Buchanan,2
2014-10-07,Clearwater,2,St. Clair,0
2014-10-07,Owensville,2,Tarkio,1
2014-10-07,Southwest Early College,2,University Academy Charter,1
2014-10-07,Lutheran South,1,Ursuline Academy,2
2014-10-07,Kingston,0,Valle Catholic,2
2014-10-07,West County,0,Valley,2
2014-10-07,Bayless,2,Valley Park,0
2014-10-07,Lincoln College Prep,2,Versailles,1
2014-10-07,Miller Career Academy,2,Waynesville,0
2014-10-07,Cardinal Ritter,0,Veritas Christian Academy,2
2014-10-07,Visitation Academy,0,Villa Duchesne,2
2014-10-07,Nevada,2,Warrensburg,1
2014-10-07,Camdenton,1,Waynesville,2
2014-10-07,Willard,2,Webb City,0
2014-10-07,St. Paul Lutheran (Concordia),2,Wellington-Napoleon,0
2014-10-07,Parkview,0,West Plains,2
2014-10-07,Penney,0,West Platte,2
2014-10-07,Seneca,2,Wheaton,0
2014-10-07,Orchard Farm,0,Winfield,2
2014-10-08,Rock Bridge,2,Battle,0
2014-10-08,St. Teresa's Academy,1,Blue Springs,2
2014-10-08,Bishop LeBlond,2,Cameron,0
2014-10-08,Portageville,2,Campbell,0
2014-10-08,Miller Career Academy,2,Cardinal Ritter,0
2014-10-08,Charleston,0,Cooter,2
2014-10-08,Ursuline Academy,2,Eureka,1
2014-10-08,Malta Bend,0,Father Tolton,2
2014-10-08,Parkway Central,2,Ft. Zumwalt East,0
2014-10-08,Malden,2,Hayti,0
2014-10-08,Jefferson (Festus),2,Herculaneum,1
2014-10-08,Troy Buchanan,2,Hickman,0
2014-10-08,Miami (Amoret),1,Hume,2
2014-10-08,Barat Academy,0,Lutheran St. Charles,2
2014-10-08,Bayless,0,Maplewood-Richmond Hts.,2
2014-10-08,Meadow Heights,2,Marquand-Zion,0
2014-10-08,Hazelwood Central,2,McCluer,1
2014-10-08,McCluer South-Berkeley,0,McCluer North,2
2014-10-08,Affton,0,Mehlville,2
2014-10-08,Plattsburg,0,Nodaway-Holt,2
2014-10-08,Southeast,2,Northeast (Kansas City),0
2014-10-08,Zalma,2,Oak Ridge,0
2014-10-08,Webster Groves,2,Parkway North,0
2014-10-08,Northwest (Cedar Hill),2,Parkway South,0
2014-10-08,St. Vincent,0,Perryville,2
2014-10-08,Nerinx Hall,2,Springfield Catholic,0
2014-10-08,Jackson,2,Seneca,0
2014-10-08,Ft. Zumwalt South,0,St. Charles,2
2014-10-08,Lincoln College Prep,2,Versailles,1
2014-10-08,Lutheran North,0,Whitfield,2
2014-10-09,Bernie,2,Advance,0
2014-10-09,Adrian,2,Archie,0
2014-10-09,New Heights Christian,2,Ash Grove,0
2014-10-09,East Newton,0,Aurora,2
2014-10-09,Calhoun,0,Ballard,2
2014-10-09,Spokane,0,Billings,2
2014-10-09,South Iron,0,Bismarck,2
2014-10-09,Rock Bridge,2,Blair Oaks,0
2014-10-09,Galena,0,Blue Eye,2
2014-10-09,Reeds Spring,2,Bolivar,0
2014-10-09,Dixon,0,Bourbon,2
2014-10-09,Wright City,2,Bowling Green,0
2014-10-09,Everton,2,Bradleyville,0
2014-10-09,Orchard Farm,2,Brentwood,1
2014-10-09,Northeast Vernon County,0,Bronaugh,2
2014-10-09,Liberty (Mountain View),2,Cabool,0
2014-10-09,Bishop LeBlond,2,Cameron,0
2014-10-09,Cleveland NJROTC,1,Carnahan,2
2014-10-09,Richmond,0,Carrollton,2
2014-10-09,Nixa,2,Carthage,0
2014-10-09,Lamar,2,Cassville,0
2014-10-09,Sikeston,0,Central (New Madrid County),2
2014-10-09,Maryville,2,Chillicothe,0
2014-10-09,Center,1,Clinton,2
2014-10-09,Willard,1,Cole Camp,2
2014-10-09,Santa Fe,2,Concordia,0
2014-10-09,Incarnate Word Academy,0,Cor Jesu Academy,2
2014-10-09,Jefferson (Festus),2,DeSoto,1
2014-10-09,Bloomfield,0,Dexter,2
2014-10-09,Jasper,0,Diamond,2
2014-10-09,St. Joseph's Academy,2,Duchesne,0
2014-10-09,Southeast,0,East (Kansas City),2
2014-10-09,Stockton,0,El Dorado Springs,2
2014-10-09,Chamois,1,Eugene,2
2014-10-09,Lindbergh,0,Eureka,2
2014-10-09,Marionville,0,Fair Grove,2
2014-10-09,Notre Dame (Cape Girardeau),2,Festus,0
2014-10-09,Oak Park,2,Fort Osage,0
2014-10-09,Parkway North,1,Fox,2
2014-10-09,Lafayette (Wildwood),2,Francis Howell,1
2014-10-09,Timberland,2,Ft. Zumwalt North,1
2014-10-09,Francis Howell Central,2,Ft. Zumwalt South,0
2014-10-09,Hannibal,2,Fulton,0
2014-10-09,Kickapoo,0,Glendale,2
2014-10-09,Winnetonka,2,Grandview,0
2014-10-09,Warsaw,2,Grandview (Hillsboro),0
2014-10-09,Northwest (Hughesville),0,Green Ridge,2
2014-10-09,Liberal,2,Greenfield,0
2014-10-09,Meadow Heights,0,Greenville,2
2014-10-09,Southern Boone,2,Hallsville,0
2014-10-09,Excelsior Springs,2,Harrisonville,1
2014-10-09,McCluer,2,Hazelwood Central,0
2014-10-09,Hazelwood West,2,Hazelwood East,1
2014-10-09,Father Tolton,0,Helias Catholic,2
2014-10-09,West Plains,2,Hillcrest,0
2014-10-09,Crystal City,0,Hillsboro,2
2014-10-09,Thayer,1,Houston,2
2014-10-09,Forsyth,2,Hurley,0
2014-10-09,Hickman,0,Jefferson City,2
2014-10-09,Lutheran South,2,John Burroughs,0
2014-10-09,Veritas Christian Academy,2,John F. Kennedy,0
2014-10-09,Platte County,2,Kearney,0
2014-10-09,Boonville,2,Kirksville,0
2014-10-09,Lexington,0,Knob Noster,2
2014-10-09,MICDS,0,Ladue Horton Watkins,2
2014-10-09,Benton,2,Lafayette (St. Joseph),0
2014-10-09,Holden,1,Lafayette County,2
2014-10-09,Kingsville,1,Lakeland,2
2014-10-09,East Buchanan,2,Lathrop,0
2014-10-09,West Platte,2,Lawson,1
2014-10-09,Camdenton,2,Lebanon,0
2014-10-09,Blue Springs South,2,Lee's Summit North,1
2014-10-09,Zalma,0,Leopold,2
2014-10-09,Central (St. Joseph),0,Liberty,2
2014-10-09,William Chrisman,2,Liberty North,0
2014-10-09,La Monte,2,Lincoln,0
2014-10-09,Hollister,0,Logan-Rogersville,2
2014-10-09,Sherwood,0,Lutheran (Kansas City),2
2014-10-09,Jennings,0,Lutheran North,2
2014-10-09,Cardinal Ritter,0,Lutheran St. Charles,2
2014-10-09,Portageville,0,Malden,2
2014-10-09,Crossroads College Preparatory,2,Maplewood-Richmond Hts.,0
2014-10-09,Mexico,1,Marshall,2
2014-10-09,Springfield Catholic,0,Marshfield,2
2014-10-09,McAuley Catholic,0,McDonald County,2
2014-10-09,Oakville,2,Mehlville,1
2014-10-09,Miller Career Academy,0,Metro,2
2014-10-09,Penney,0,Mid-Buchanan,2
2014-10-09,Rich Hill,0,Midway,2
2014-10-09,Verona,0,Miller,2
2014-10-09,Carl Junction,2,Monett,0
2014-10-09,Ava,0,Mountain Grove,2
2014-10-09,Branson,0,Neosho,2
2014-10-09,St. Joseph's Academy,2,Nerinx Hall,0
2014-10-09,St. Pius X (Kansas City),2,Nevada,0
2014-10-09,Conway,2,Niangua,1
2014-10-09,Central (Park Hills),2,North County,1
2014-10-09,Park Hill,1,North Kansas City,2
2014-10-09,Odessa,2,Oak Grove,0
2014-10-09,California,0,Osage,2
2014-10-09,Webb City,0,Owensville,2
2014-10-09,Webb City,0,Ozark,2
2014-10-09,Lee's Summit West,2,Park Hill South,0
2014-10-09,Joplin,2,Parkview,0
2014-10-09,University City,0,Parkway Central,2
2014-10-09,Lockwood,2,Pierce City,1
2014-10-09,North Platte,2,Plattsburg,0
2014-10-09,Grain Valley,0,Pleasant Hill,2
2014-10-09,Eminence,0,Poplar Bluff,2
2014-10-09,Lee's Summit,2,Raymore-Peculiar,0
2014-10-09,Staley,2,Raytown,0
2014-10-09,Rockwood Summit,2,Ritenour,0
2014-10-09,McCluer North,2,Riverview Gardens,0
2014-10-09,Fairfax,0,Rock Port,2
2014-10-09,College Preparatory,2,Roosevelt,0
2014-10-09,Centralia,1,Sarcoxie,0
2014-10-09,Golden City,2,Sarcoxie,1
2014-10-09,Sparta,0,Savannah,2
2014-10-09,Jackson,2,Saxony Lutheran,0
2014-10-09,Exeter,0,School of the Ozarks,2
2014-10-09,Northwest (Cedar Hill),2,Seckman,0
2014-10-09,Mt. Vernon,2,Seneca,1
2014-10-09,Waynesville,0,Soldan International Studies,2
2014-10-09,Purdy,0,Southwest (Washburn),2
2014-10-09,Lincoln College Prep,2,Southwest Early College,0
2014-10-09,Crane,1,Union,2
2014-10-09,New Haven,2,St. Clair,0
2014-10-09,Ft. Zumwalt West,2,St. Dominic,0
2014-10-09,Pacific,2,St. James,0
2014-10-09,Crest Ridge,0,St. Paul Lutheran (Concordia),2
2014-10-09,O'Hara,0,St. Teresa's Academy,2
2014-10-09,Skyline,0,Winona,2
2014-10-09,Gateway,2,West Plains,0
2014-10-09,Bunceton,0,Sweet Springs,2
2014-10-09,Smithton,0,Tipton,2
2014-10-09,McKinley Classical Leadership,2,Transportation and Law,1
2014-10-09,Bishop DuBourg,2,Trinity Catholic,0
2014-10-09,Ruskin,0,St. Charles,2
2014-10-09,Kennett,2,St. Clair,0
2014-10-09,Hermann,2,Tarkio,0
2014-10-09,Bunker,0,Viburnum,2
2014-10-09,Savannah,2,Warrensburg,0
2014-10-09,St. Charles West,0,Washington,2
2014-10-09,Rolla,2,Waynesville,1
2014-10-09,Wellington-Napoleon,2,Wentworth Military Academy,0
2014-10-09,Affton,2,Westminster Christian Academy,0
2014-10-09,Ursuline Academy,2,Whitfield,0
2014-10-09,Republic,1,Willard,2
2014-10-09,Salem,0,Willow Springs,2
2014-10-09,Sacred Heart,1,Windsor,2
2014-10-09,Holt,1,Winfield,2
2014-10-09,Wright City,0,Winona,2
2014-10-10,Bloomfield,1,Advance,2
2014-10-10,Northeast Vernon County,2,Calhoun,0
2014-10-10,Fordland,2,Chadwick,0
2014-10-10,Gideon,2,Clarkton,0
2014-10-10,Bismarck,2,Clearwater,0
2014-10-10,Bernie,0,Dexter,2
2014-10-10,Wheaton,2,Exeter,0
2014-10-10,Ft. Zumwalt East,0,Francis Howell North,2
2014-10-10,Kickapoo,0,Glendale,2
2014-10-10,Leopold,2,Greenville,0
2014-10-10,Bayless,2,Hancock,0
2014-10-10,Zalma,1,Meadow Heights,2
2014-10-10,McCluer South-Berkeley,2,Normandy Collaborative,0
2014-10-10,Riverview Gardens,0,North County,2
2014-10-10,Riverview Gardens,0,North Technical,2
2014-10-10,Malta Bend,2,Otterville,0
2014-10-10,University City,0,Ritenour,2
2014-10-10,Bunker,2,Wright City,0
2014-10-10,Brentwood,2,Valley Park,0
2014-10-10,Troy Buchanan,0,Windsor (Imperial),2
2014-10-11,Drexel,0,Adrian,2
2014-10-11,Rich Hill,0,Adrian,2
2014-10-11,Midway,1,Adrian,1
2014-10-11,Osceola,2,Adrian,1
2014-10-11,Osceola,2,Archie,0
2014-10-11,Drexel,2,Archie,0
2014-10-11,Southwest (Washburn),0,Ava,2
2014-10-11,Crane,0,Ava,2
2014-10-11,Forsyth,0,Ava,2
2014-10-11,Billings,2,Ava,0
2014-10-11,Northeast Vernon County,2,Ballard,0
2014-10-11,Sheldon,2,Ballard,1
2014-10-11,Hume,2,Ballard,0
2014-10-11,Montgomery County,2,Belle,0
2014-10-11,Father Tolton,2,Belle,0
2014-10-11,Tipton,1,Belle,2
2014-10-11,Grandview,0,Belton,2
2014-10-11,St. Paul Lutheran (Concordia),2,Belton,0
2014-10-11,Pleasant Hill,2,Belton,0
2014-10-11,Savannah,2,Belton,0
2014-10-11,Sparta,1,Belton,2
2014-10-11,Holden,1,Belton,2
2014-10-11,Union,2,Billings,0
2014-10-11,Galena,0,Billings,2
2014-10-11,Miller,0,Billings,2
2014-10-11,Eldon,1,Blair Oaks,1
2014-10-11,Willard,0,Blair Oaks,2
2014-10-11,Smithton,0,Blair Oaks,2
2014-10-11,Marshall,0,Blair Oaks,2
2014-10-11,California,1,Blair Oaks,2
2014-10-11,Park Hill South,1,Blue Springs South,1
2014-10-11,Fort Osage,0,Blue Springs South,2
2014-10-11,Lee's Summit North,1,Blue Springs South,1
2014-10-11,Platte County,2,Blue Springs South,1
2014-10-11,Marquette,0,Blue Springs South,2
2014-10-11,Butler,0,Bolivar,2
2014-10-11,Dixon,1,Bourbon,1
2014-10-11,Cuba,2,Bourbon,0
2014-10-11,Linn,2,Bourbon,0
2014-10-11,Sheldon,0,Bronaugh,2
2014-10-11,Miami (Amoret),0,Bronaugh,2
2014-10-11,Hume,2,Bronaugh,0
2014-10-11,Father Tolton,2,Calvary Lutheran,0
2014-10-11,Springfield Catholic,0,Carl Junction,2
2014-10-11,Helias Catholic,2,Carl Junction,0
2014-10-11,McKinley Classical Leadership,1,Carnahan,1
2014-10-11,Blue Eye,2,Cassville,0
2014-10-11,Hollister,2,Cassville,0
2014-10-11,Metro,2,Cleveland NJROTC,0
2014-10-11,Waynesville,2,Cleveland NJROTC,0
2014-10-11,Carnahan,0,Cleveland NJROTC,2
2014-10-11,Soldan International Studies,1,Cleveland NJROTC,1
2014-10-11,McKinley Classical Leadership,0,Cleveland NJROTC,2
2014-10-11,Odessa,1,Clinton,1
2014-10-11,Butler,2,Clinton,0
2014-10-11,Bolivar,2,Clinton,0
2014-10-11,Sparta,0,Cole Camp,2
2014-10-11,Fatima,2,Cole Camp,0
2014-10-11,Pleasant Hill,2,Cole Camp,0
2014-10-11,Penney,0,Concordia,2
2014-10-11,Richmond,0,Concordia,2
2014-10-11,Southwest (Washburn),0,Crane,2
2014-10-11,Union,2,Crane,0
2014-10-11,Linn,0,Cuba,2
2014-10-11,Notre Dame (Cape Girardeau),2,DeSoto,0
2014-10-11,Hillsboro,1,DeSoto,1
2014-10-11,Seckman,1,DeSoto,1
2014-10-11,Festus,0,DeSoto,2
2014-10-11,Northwest (Cedar Hill),2,DeSoto,0
2014-10-11,Linn,2,Dixon,0
2014-10-11,Cuba,2,Dixon,0
2014-10-11,Osceola,2,Drexel,0
2014-10-11,Midway,2,Drexel,0
2014-10-11,McDonald County,0,East Newton,2
2014-10-11,New Heights Christian,1,East Newton,1
2014-10-11,Purdy,0,East Newton,2
2014-10-11,Hillcrest,1,East Newton,2
2014-10-11,Marshall,0,Eldon,2
2014-10-11,Smithton,0,Eldon,2
2014-10-11,Versailles,2,Eldon,1
2014-10-11,Calvary Lutheran,1,Eugene,1
2014-10-11,Tipton,0,Eugene,2
2014-10-11,Montgomery County,2,Eugene,0
2014-10-11,O'Hara,2,Excelsior Springs,0
2014-10-11,St. Pius X (Kansas City),2,Excelsior Springs,0
2014-10-11,Liberty North,2,Excelsior Springs,0
2014-10-11,Festus,0,Farmington,2
2014-10-11,Northwest (Cedar Hill),2,Farmington,0
2014-10-11,Jefferson (Festus),1,Farmington,1
2014-10-11,Notre Dame (Cape Girardeau),0,Farmington,2
2014-10-11,Seckman,0,Farmington,2
2014-10-11,Sparta,1,Fatima,1
2014-10-11,St. Pius X (Kansas City),0,Fatima,2
2014-10-11,Pleasant Hill,0,Fatima,2
2014-10-11,Jefferson (Festus),0,Festus,2
2014-10-11,Northwest (Cedar Hill),2,Festus,0
2014-10-11,Southwest (Washburn),2,Forsyth,0
2014-10-11,Crane,2,Forsyth,0
2014-10-11,Willard,2,Fulton,0
2014-10-11,California,2,Fulton,0
2014-10-11,Osage,1,Fulton,1
2014-10-11,Warsaw,0,Fulton,2
2014-10-11,Union,2,Galena,0
2014-10-11,Miller,2,Galena,0
2014-10-11,West Plains,0,Gateway,2
2014-10-11,Waynesville,2,Gateway,0
2014-10-11,Miller Career Academy,2,Gateway,0
2014-10-11,College Preparatory,0,Gateway,2
2014-10-11,Springfield Catholic,0,Glendale,2
2014-10-11,Carl Junction,0,Glendale,2
2014-10-11,Republic,0,Glendale,2
2014-10-11,Ozark,2,Glendale,0
2014-10-11,Liberty North,0,Grain Valley,2
2014-10-11,Visitation Academy,1,Grain Valley,1
2014-10-11,O'Hara,1,Grain Valley,2
2014-10-11,Pleasant Hill,2,Grain Valley,0
2014-10-11,Sparta,2,Grandview,0
2014-10-11,Fatima,2,Grandview,0
2014-10-11,Cole Camp,2,Grandview,0
2014-10-11,St. Paul Lutheran (Concordia),2,Grandview,0
2014-10-11,Winona,2,Green Ridge,0
2014-10-11,Republic,2,Green Ridge,0
2014-10-11,Sarcoxie,2,Hallsville,0
2014-10-11,California,2,Hallsville,0
2014-10-11,Versailles,2,Hallsville,0
2014-10-11,Nevada,2,Harrisonville,0
2014-10-11,Oak Grove,1,Harrisonville,1
2014-10-11,Raytown South,1,Harrisonville,1
2014-10-11,Bolivar,2,Harrisonville,0
2014-10-11,Wheaton,0,Hillcrest,2
2014-10-11,McDonald County,2,Hillcrest,0
2014-10-11,Seneca,1,Hillcrest,1
2014-10-11,Notre Dame (Cape Girardeau),2,Hillsboro,0
2014-10-11,Seckman,1,Hillsboro,1
2014-10-11,O'Hara,1,Holden,1
2014-10-11,Excelsior Springs,1,Holden,1
2014-10-11,St. Pius X (Kansas City),2,Holden,0
2014-10-11,Raytown,0,Holden,2
2014-10-11,Blue Eye,0,Hollister,2
2014-10-11,Marshfield,0,Hollister,2
2014-10-11,Clever,2,Hollister,0
2014-10-11,Northeast Vernon County,1,Hume,1
2014-10-11,Winona,1,Kirkwood,1
2014-10-11,Green Ridge,0,Kirkwood,2
2014-10-11,Republic,0,Kirkwood,2
2014-10-11,Ozark,2,Kirkwood,1
2014-10-11,Lawson,1,Lafayette County,1
2014-10-11,Concordia,2,Lafayette County,0
2014-10-11,Versailles,0,Lafayette County,2
2014-10-11,Lathrop,0,Lafayette County,2
2014-10-11,Lexington,0,Lafayette County,2
2014-10-11,Versailles,0,Lawson,2
2014-10-11,Lathrop,0,Lawson,2
2014-10-11,Concordia,2,Lawson,1
2014-10-11,Richmond,0,Lawson,2
2014-10-11,Lexington,0,Lawson,2
2014-10-11,Raymore-Peculiar,0,Lee's Summit,2
2014-10-11,Oak Park,0,Lee's Summit,2
2014-10-11,William Chrisman,0,Lee's Summit,2
2014-10-11,Liberty,1,Lee's Summit,1
2014-10-11,Lee's Summit West,0,Lee's Summit,2
2014-10-11,Platte County,2,Lee's Summit,1
2014-10-11,Park Hill South,2,Lee's Summit North,0
2014-10-11,Fort Osage,0,Lee's Summit North,2
2014-10-11,St. Charles,2,Lee's Summit North,1
2014-10-11,Park Hill,0,Lee's Summit West,2
2014-10-11,Staley,0,Lee's Summit West,2
2014-10-11,Oak Park,1,Lee's Summit West,1
2014-10-11,William Chrisman,0,Lee's Summit West,2
2014-10-11,Concordia,2,Lexington,0
2014-10-11,Versailles,0,Lexington,2
2014-10-11,Penney,0,Lexington,2
2014-10-11,Richmond,0,Lexington,2
2014-10-11,Raymore-Peculiar,0,Liberty,2
2014-10-11,Park Hill South,0,Liberty,2
2014-10-11,Staley,0,Liberty,2
2014-10-11,William Chrisman,0,Liberty,2
2014-10-11,Park Hill,0,Liberty,2
2014-10-11,Platte County,0,Liberty,2
2014-10-11,St. Charles,2,Marquette,0
2014-10-11,Platte County,2,Marquette,0
2014-10-11,Kearney,0,Marquette,2
2014-10-11,Willard,2,Marshall,0
2014-10-11,Smithton,0,Marshall,2
2014-10-11,Clever,0,Marshfield,2
2014-10-11,Seneca,1,McDonald County,1
2014-10-11,Wheaton,0,McDonald County,2
2014-10-11,New Heights Christian,2,McDonald County,0
2014-10-11,Soldan International Studies,0,Metro,2
2014-10-11,Carnahan,0,Metro,2
2014-10-11,McKinley Classical Leadership,0,Metro,2
2014-10-11,Sheldon,0,Miami (Amoret),2
2014-10-11,Northeast Vernon County,0,Miami (Amoret),2
2014-10-11,Rich Hill,0,Midway,2
2014-10-11,Osceola,2,Midway,0
2014-10-11,Union,2,Miller,0
2014-10-11,West Plains,0,Miller Career Academy,0
2014-10-11,Waynesville,0,Miller Career Academy,2
2014-10-11,Transportation and Law,0,Miller Career Academy,2
2014-10-11,Soldan International Studies,0,Miller Career Academy,2
2014-10-11,College Preparatory,0,Miller Career Academy,2
2014-10-11,Father Tolton,1,Montgomery County,1
2014-10-11,Oak Grove,0,Nevada,2
2014-10-11,Raytown South,0,Nevada,2
2014-10-11,Bolivar,0,Nevada,2
2014-10-11,St. Joseph Christian,0,North Platte,2
2014-10-11,Jefferson (Festus),0,Northwest (Cedar Hill),2
2014-10-11,Raytown South,0,Oak Grove,2
2014-10-11,Butler,0,Oak Grove,2
2014-10-11,Odessa,1,Oak Grove,2
2014-10-11,Park Hill,1,Oak Park,1
2014-10-11,Staley,2,Oak Park,0
2014-10-11,Ozark,2,Oakville,0
2014-10-11,Helias Catholic,2,Oakville,0
2014-10-11,Webster Groves,0,Oakville,2
2014-10-11,Springfield Catholic,2,Oakville,1
2014-10-11,Butler,0,Odessa,2
2014-10-11,Bolivar,0,Odessa,2
2014-10-11,St. Pius X (Kansas City),1,O'Hara,1
2014-10-11,Willard,2,Osage,0
2014-10-11,Blair Oaks,2,Osage,0
2014-10-11,Warsaw,0,Osage,2
2014-10-11,Webster Groves,0,Ozark,2
2014-10-11,Helias Catholic,2,Ozark,0
2014-10-11,Staley,2,Park Hill,0
2014-10-11,Fort Osage,0,Park Hill South,2
2014-10-11,Kearney,0,Park Hill South,2
2014-10-11,St. Charles,1,Park Hill South,2
2014-10-11,Richmond,2,Penney,0
2014-10-11,St. Charles,1,Platte County,1
2014-10-11,Kearney,0,Platte County,2
2014-10-11,Fort Osage,0,Platte County,2
2014-10-11,St. Paul Lutheran (Concordia),0,Pleasant Hill,2
2014-10-11,New Heights Christian,2,Purdy,0
2014-10-11,Seneca,2,Purdy,0
2014-10-11,William Chrisman,1,Raymore-Peculiar,1
2014-10-11,Staley,2,Raymore-Peculiar,0
2014-10-11,Grain Valley,1,Raytown,1
2014-10-11,Visitation Academy,1,Raytown,1
2014-10-11,Liberty North,2,Raytown,0
2014-10-11,Winona,1,Republic,1
2014-10-11,Versailles,2,Sarcoxie,0
2014-10-11,California,2,Sarcoxie,0
2014-10-11,St. Paul Lutheran (Concordia),1,Savannah,1
2014-10-11,Pleasant Hill,2,Savannah,0
2014-10-11,Fatima,2,Savannah,0
2014-10-11,Notre Dame (Cape Girardeau),2,Seckman,0
2014-10-11,Wheaton,0,Seneca,2
2014-10-11,New Heights Christian,2,Seneca,0
2014-10-11,Carnahan,1,Soldan International Studies,1
2014-10-11,Dixon,1,St. James,1
2014-10-11,Cuba,2,St. James,0
2014-10-11,Linn,1,St. James,1
2014-10-11,Bourbon,2,St. James,0
2014-10-11,Liberty North,0,St. Paul Lutheran (Concordia),2
2014-10-11,Visitation Academy,0,St. Pius X (Kansas City),2
2014-10-11,Warsaw,0,Willard,2
2014-10-11,Versailles,0,Willard,2
2014-10-11,College Preparatory,2,West Plains,0
2014-10-11,Transportation and Law,2,West Plains,0
2014-10-11,Calvary Lutheran,1,Tipton,1
2014-10-11,College Preparatory,1,Transportation and Law,1
2014-10-11,St. Joseph Christian,2,Trenton,0
2014-10-11,North Platte,2,Trenton,0
2014-10-11,Kearney,0,St. Charles,2
2014-10-11,Lathrop,1,Versailles,1
2014-10-11,West Plains,1,Waynesville,1
2014-10-11,Transportation and Law,0,Waynesville,2
2014-10-11,College Preparatory,0,Waynesville,2
2014-10-11,California,1,Versailles,1
2014-10-11,Ursuline Academy,0,Villa Duchesne,2
2014-10-11,Liberty North,0,Visitation Academy,2
2014-10-11,Springfield Catholic,0,Webster Groves,2
2014-10-11,Helias Catholic,1,Webster Groves,1
2014-10-11,Green Ridge,0,Webster Groves,2
2014-10-11,Ft. Zumwalt North,2,Whitfield,0
2014-10-12,McCluer,2,University City,0
2014-10-13,West County,0,Arcadia Valley,2
2014-10-13,Bourbon,0,Belle,2
2014-10-13,Lawson,0,Bishop LeBlond,2
2014-10-13,Central (Park Hills),2,Bismarck,0
2014-10-13,Ash Grove,1,Bolivar,2
2014-10-13,El Dorado Springs,2,Buffalo,1
2014-10-13,Ellington,0,Bunker,2
2014-10-13,La Monte,2,Calhoun,0
2014-10-13,Joplin,0,Central (Springfield),2
2014-10-13,La Monte,2,Chilhowee,1
2014-10-13,Calhoun,0,Chilhowee,2
2014-10-13,Cameron,1,Chillicothe,2
2014-10-13,Riverview Gardens,0,Clayton,2
2014-10-13,Fair Grove,2,Conway,0
2014-10-13,Springfield Catholic,0,Crane,2
2014-10-13,Northwest (Hughesville),0,Crest Ridge,2
2014-10-13,Owensville,2,Cuba,0
2014-10-13,Centralia,2,Eldon,1
2014-10-13,Licking,2,Eminence,1
2014-10-13,Valley,0,Farmington,2
2014-10-13,Valle Catholic,1,Farmington,2
2014-10-13,Northwest (Cedar Hill),2,Festus,0
2014-10-13,Blue Eye,2,Forsyth,0
2014-10-13,Hillsboro,2,Fox,0
2014-10-13,Potosi,2,Fredericktown,1
2014-10-13,Ste. Genevieve,2,Fredericktown,0
2014-10-13,Pacific,0,Ft. Zumwalt North,2
2014-10-13,Union,2,Galena,0
2014-10-13,New Heights Christian,2,Greenfield,0
2014-10-13,Tipton,0,Hallsville,2
2014-10-13,McCluer South-Berkeley,0,Hazelwood East,2
2014-10-13,St. Joseph's Academy,2,Hermann,0
2014-10-13,Lincoln College Prep,2,Hogan Prep Academy Charter,0
2014-10-13,Lafayette (Wildwood),2,Incarnate Word Academy,0
2014-10-13,Saxony Lutheran,0,Jefferson (Festus),2
2014-10-13,Bayless,2,Jennings,0
2014-10-13,Central (Park Hills),2,Kingston,0
2014-10-13,Bismarck,2,Kingston,0
2014-10-13,Lakeland,1,Lincoln,2
2014-10-13,Stockton,0,Lockwood,2
2014-10-13,Winfield,0,Lutheran St. Charles,2
2014-10-13,Brentwood,2,Maplewood-Richmond Hts.,0
2014-10-13,Hurley,0,Marionville,2
2014-10-13,Francis Howell,0,Marquette,2
2014-10-13,Hazelwood West,2,McCluer,1
2014-10-13,University City,0,McCluer,2
2014-10-13,South Iron,1,Meadow Heights,2
2014-10-13,Crossroads College Preparatory,2,Metro,0
2014-10-13,Hannibal,2,Mexico,0
2014-10-13,Sheldon,0,Miami (Amoret),2
2014-10-13,Diamond,2,Miller,1
2014-10-13,McDonald County,2,Monett,0
2014-10-13,Battle,2,Montgomery County,0
2014-10-13,Marshfield,0,Mountain Grove,2
2014-10-13,Eureka,2,Nerinx Hall,1
2014-10-13,Fatima,2,New Haven,1
2014-10-13,West County,0,North County,2
2014-10-13,Arcadia Valley,0,North County,2
2014-10-13,Lakeland,0,Northeast Vernon County,2
2014-10-13,Dexter,0,Notre Dame (Cape Girardeau),2
2014-10-13,University Academy Charter,0,Notre Dame de Sion,2
2014-10-13,Versailles,0,Oak Grove,2
2014-10-13,Lone Jack,1,Orrick,2
2014-10-13,Holden,2,Osceola,1
2014-10-13,Ladue Horton Watkins,0,Parkway West,2
2014-10-13,Timberland,2,Pattonville,0
2014-10-13,Lexington,2,Penney,0
2014-10-13,Thayer,2,Plato,0
2014-10-13,Billings,2,Pleasant Hope,0
2014-10-13,Ste. Genevieve,2,Potosi,0
2014-10-13,Valley Park,0,Principia,2
2014-10-13,Oak Park,0,Raymore-Peculiar,2
2014-10-13,Branson,2,Reeds Spring,1
2014-10-13,Liberal,1,Rich Hill,1
2014-10-13,Trinity Catholic,1,Ritenour,2
2014-10-13,Bishop DuBourg,2,Springfield Catholic,0
2014-10-13,Linn,2,Sarcoxie,0
2014-10-13,California,0,Savannah,2
2014-10-13,Delta (Deering),0,Summersville,2
2014-10-13,Southeast,1,Southwest Early College,2
2014-10-13,Cristo Rey,2,Southwest Early College,1
2014-10-13,Duchesne,2,St. Charles West,0
2014-10-13,DeSoto,2,St. Clair,0
2014-10-13,Westminster Christian Academy,1,St. Dominic,2
2014-10-13,Windsor (Imperial),0,St. Pius X (Festus),2
2014-10-13,Viburnum,1,Warsaw,2
2014-10-13,Carthage,0,Winona,2
2014-10-13,Houston,2,Wright City,0
2014-10-13,Hickman,0,Summit Christian Academy,2
2014-10-13,Golden City,2,Thomas Jefferson Independent Day,0
2014-10-13,Warrenton,1,Tarkio,2
2014-10-13,Valle Catholic,2,Valley,0
2014-10-13,Willard,2,Versailles,0
2014-10-13,Cole Camp,2,Warsaw,0
2014-10-13,Liberty (Mountain View),2,Waynesville,1
2014-10-13,McAuley Catholic,0,Wheaton,2
2014-10-13,Fordland,0,Willow Springs,2
2014-10-13,Bernie,2,Woodland,0
2014-10-14,Parkway Central,1,Affton,2
2014-10-14,Pleasant Hope,0,Ash Grove,2
2014-10-14,Chilhowee,2,Ballard,0
2014-10-14,Bloomfield,3,Bell City,0
2014-10-14,Kearney,1,Belton,2
2014-10-14,Clever,2,Billings,0
2014-10-14,Cardinal Ritter,0,Bishop DuBourg,2
2014-10-14,Versailles,0,Blair Oaks,2
2014-10-14,Lee's Summit North,1,Blue Springs,2
2014-10-14,Lee's Summit West,2,Blue Springs South,1
2014-10-14,Nixa,2,Branson,0
2014-10-14,Hollister,0,Buffalo,2
2014-10-14,Drexel,2,Butler,0
2014-10-14,Mountain Grove,0,Cabool,2
2014-10-14,Hallsville,0,California,2
2014-10-14,Eugene,2,Calvary Lutheran,1
2014-10-14,Parkview,0,Camdenton,2
2014-10-14,Pembroke Hill,1,Cameron,2
2014-10-14,East Newton,0,Carl Junction,2
2014-10-14,Gateway,2,Carnahan,0
2014-10-14,Cooter,0,Caruthersville,2
2014-10-14,Aurora,2,Cassville,0
2014-10-14,Nevada,2,Center,0
2014-10-14,Seneca,0,Central (Cape Girardeau),2
2014-10-14,Charleston,0,Central (New Madrid County),2
2014-10-14,Kennett,1,Central (New Madrid County),1
2014-10-14,Oran,0,Central (New Madrid County),2
2014-10-14,Park Hill,2,Central (St. Joseph),0
2014-10-14,Father Tolton,1,Centralia,2
2014-10-14,Bradleyville,2,Chadwick,0
2014-10-14,Oran,0,Charleston,2
2014-10-14,Kennett,2,Charleston,0
2014-10-14,Benton,0,Chillicothe,2
2014-10-14,College Preparatory,1,Cleveland NJROTC,2
2014-10-14,Smithton,0,Cole Camp,2
2014-10-14,Villa Duchesne,2,Cor Jesu Academy,0
2014-10-14,Forsyth,0,Crane,2
2014-10-14,Orrick,2,Crest Ridge,0
2014-10-14,Bourbon,0,Cuba,2
2014-10-14,Eldon,2,Dixon,0
2014-10-14,Eureka,1,Duchesne,2
2014-10-14,Central (Kansas City),0,East (Kansas City),2
2014-10-14,Lawson,2,East Buchanan,1
2014-10-14,Adrian,1,El Dorado Springs,2
2014-10-14,Fulton,0,Fatima,2
2014-10-14,Francis Howell North,0,Francis Howell,2
2014-10-14,Timberland,1,Francis Howell Central,2
2014-10-14,Valley,1,Fredericktown,2
2014-10-14,Kingston,2,Fredericktown,1
2014-10-14,Troy Buchanan,1,Ft. Zumwalt West,2
2014-10-14,St. Clair,0,Gideon,2
2014-10-14,Pierce City,2,Golden City,0
2014-10-14,Oak Grove,1,Grain Valley,2
2014-10-14,La Monte,0,Green Ridge,2
2014-10-14,Campbell,1,Greenville,2
2014-10-14,McCluer South-Berkeley,2,Hancock,0
2014-10-14,Kirksville,0,Hannibal,2
2014-10-14,Odessa,2,Harrisonville,0
2014-10-14,Riverview Gardens,0,Hazelwood East,2
2014-10-14,McCluer,1,Hazelwood West,1
2014-10-14,Jefferson City,0,Helias Catholic,2
2014-10-14,Hillsboro,2,Herculaneum,0
2014-10-14,St. James,0,Hermann,2
2014-10-14,Midway,2,Hogan Prep Academy Charter,0
2014-10-14,Richmond,0,Holden,2
2014-10-14,Liberty (Mountain View),2,Houston,0
2014-10-14,Perryville,2,Jackson,0
2014-10-14,Festus,0,Jefferson (Festus),2
2014-10-14,West Plains,1,Joplin,2
2014-10-14,Waynesville,0,Kickapoo,2
2014-10-14,West County,0,Kingston,2
2014-10-14,Webster Groves,2,Kirkwood,1
2014-10-14,Incarnate Word Academy,0,Lafayette (Wildwood),2
2014-10-14,Knob Noster,1,Lafayette County,2
2014-10-14,Seneca,2,Lamar,0
2014-10-14,Neosho,1,Lamar,1
2014-10-14,Hillcrest,0,Lebanon,2
2014-10-14,Bernie,0,Leopold,2
2014-10-14,Carrollton,0,Lexington,2
2014-10-14,Sarcoxie,2,Liberal,0
2014-10-14,Park Hill South,0,Liberty,2
2014-10-14,Raytown,0,Liberty North,2
2014-10-14,Jasper,0,Lockwood,2
2014-10-14,Archie,1,Lone Jack,2
2014-10-14,MICDS,2,Lutheran North,0
2014-10-14,Windsor (Imperial),1,Lutheran South,2
2014-10-14,Wellington-Napoleon,2,Malta Bend,0
2014-10-14,Jennings,0,Maplewood-Richmond Hts.,2
2014-10-14,Hazelwood Central,0,McCluer North,2
2014-10-14,Boonville,2,Mexico,0
2014-10-14,Lathrop,0,Mid-Buchanan,2
2014-10-14,McKinley Classical Leadership,0,Miller Career Academy,2
2014-10-14,Bowling Green,0,Montgomery County,2
2014-10-14,Monett,0,Mt. Vernon,2
2014-10-14,Carthage,2,Neosho,0
2014-10-14,Everton,2,Niangua,1
2014-10-14,Risco,1,North Pemiscot,1
2014-10-14,Delta (Deering),0,North Pemiscot,2
2014-10-14,West Platte,2,North Platte,1
2014-10-14,University Academy Charter,2,Northeast (Kansas City),0
2014-10-14,Tipton,0,Northwest (Hughesville),2
2014-10-14,Summit Christian Academy,1,Notre Dame de Sion,2
2014-10-14,North Kansas City,0,Oak Park,2
2014-10-14,St. Paul Lutheran (Farmington),0,Oak Ridge,2
2014-10-14,St. Joseph's Academy,2,Oakville,0
2014-10-14,St. Pius X (Kansas City),2,O'Hara,0
2014-10-14,Kennett,2,Oran,0
2014-10-14,New Haven,2,Owensville,0
2014-10-14,St. Clair,0,Pacific,2
2014-10-14,Plattsburg,2,Penney,0
2014-10-14,Grandview,0,Platte County,2
2014-10-14,Excelsior Springs,0,Pleasant Hill,2
2014-10-14,Barat Academy,2,Principia,0
2014-10-14,Leopold,2,Puxico,0
2014-10-14,Logan-Rogersville,2,Reeds Spring,0
2014-10-14,Clarkton,2,Richland (Essex),0
2014-10-14,Parkway North,0,Ritenour,2
2014-10-14,Pattonville,2,Rockwood Summit,0
2014-10-14,Glendale,2,Rolla,0
2014-10-14,Waynesville,0,Roosevelt,2
2014-10-14,St. Joseph's Academy,0,Springfield Catholic,2
2014-10-14,Lutheran (Kansas City),0,Santa Fe,2
2014-10-14,Trenton,0,Savannah,2
2014-10-14,Hayti,0,Senath-Hornersville,2
2014-10-14,Bronaugh,2,Sheldon,0
2014-10-14,Charleston,0,Sikeston,2
2014-10-14,Central (New Madrid County),0,Sikeston,2
2014-10-14,Kennett,2,Sikeston,0
2014-10-14,Oran,0,Sikeston,2
2014-10-14,Marionville,2,Skyline,1
2014-10-14,Marshall,1,Savannah,2
2014-10-14,Maryville,1,Sparta,2
2014-10-14,Metro,2,Soldan International Studies,0
2014-10-14,Clearwater,2,South Iron,1
2014-10-14,Osage,0,Southern Boone,2
2014-10-14,Delta (Deering),0,Sweet Springs,2
2014-10-14,Exeter,0,Southwest (Washburn),2
2014-10-14,Central (Kansas City),0,Southwest Early College,2
2014-10-14,Central (Springfield),2,Union,0
2014-10-14,Bolivar,0,Springfield Catholic,2
2014-10-14,Orchard Farm,2,St. Charles,1
2014-10-14,Notre Dame (St. Louis),0,St. Dominic,2
2014-10-14,Lafayette (St. Joseph),2,St. Joseph Christian,1
2014-10-14,Sweet Springs,0,St. Paul Lutheran (Concordia),2
2014-10-14,Northwest (Cedar Hill),0,St. Pius X (Festus),2
2014-10-14,Meadow Heights,0,St. Vincent,2
2014-10-14,Sacred Heart,1,Willard,2
2014-10-14,Tarkio,0,Webb City,2
2014-10-14,Eminence,1,Wright City,1
2014-10-14,Salem,0,Thayer,2
2014-10-14,West Plains,0,Transportation and Law,2
2014-10-14,Raytown South,0,St. Charles,2
2014-10-14,Cristo Rey,2,University Academy Charter,0
2014-10-14,West County,2,Valley,1
2014-10-14,Lutheran St. Charles,2,Veritas Christian Academy,0
2014-10-14,Galena,0,Verona,2
2014-10-14,Clinton,0,Warrensburg,2
2014-10-14,Winfield,2,Warrenton,0
2014-10-14,Ft. Zumwalt East,0,Washington,2
2014-10-14,Republic,2,Webb City,0
2014-10-14,Purdy,1,Wheaton,2
2014-10-14,Ozark,2,Willard,0
2014-10-14,Fort Osage,0,William Chrisman,2
2014-10-14,Ava,0,Willow Springs,2
2014-10-14,Lincoln,0,Windsor,2
2014-10-14,Lesterville,0,Winona,2
2014-10-14,North Callaway,0,Wright City,2
2014-10-15,Advance,2,Bell City,0
2014-10-15,Arcadia Valley,1,Bismarck,2
2014-10-15,Valle Catholic,2,Bismarck,1
2014-10-15,Grandview (Hillsboro),0,Bourbon,2
2014-10-15,Lee's Summit,2,Central (St. Joseph),0
2014-10-15,Seneca,0,Clearwater,2
2014-10-15,St. Pius X (Kansas City),2,Clinton,0
2014-10-15,Bayless,2,Crossroads College Preparatory,0
2014-10-15,Southern Boone,0,Father Tolton,2
2014-10-15,North Technical,0,Hazelwood Central,2
2014-10-15,Seckman,0,Jackson,2
2014-10-15,Lift for Life Academy Charter,2,Jennings,1
2014-10-15,Whitfield,0,John Burroughs,2
2014-10-15,Trinity Catholic,1,John F. Kennedy,1
2014-10-15,Marquette,0,Lafayette (Wildwood),2
2014-10-15,St. Vincent,2,Leopold,1
2014-10-15,Ladue Horton Watkins,2,Lutheran North,0
2014-10-15,Roosevelt,0,McCluer South-Berkeley,2
2014-10-15,Parkway South,0,MICDS,2
2014-10-15,Central (Cape Girardeau),0,Poplar Bluff,2
2014-10-15,Valle Catholic,2,Potosi,0
2014-10-15,Arcadia Valley,2,Potosi,0
2014-10-15,Sweet Springs,2,Sherwood,0
2014-10-15,Pembroke Hill,0,Sparta,2
2014-10-15,Duchesne,2,St. Charles West,0
2014-10-15,Parkway North,2,University City,0
2014-10-15,Herculaneum,2,Valley Park,0
2014-10-15,Risco,0,Zalma,2
2014-10-16,Central (Springfield),2,Ava,0
2014-10-16,Lone Jack,0,Barstow,2
2014-10-16,Woodland,2,Bell City,0
2014-10-16,Cuba,2,Belle,0
2014-10-16,Affton,1,Bishop DuBourg,2
2014-10-16,Savannah,2,Bishop LeBlond,0
2014-10-16,Dixon,0,Blair Oaks,2
2014-10-16,Zalma,0,Bloomfield,2
2014-10-16,Blue Springs,0,Blue Springs South,2
2014-10-16,Hannibal,2,Boonville,1
2014-10-16,Missouri School for the Deaf,0,Calvary Lutheran,2
2014-10-16,Holden,2,Carrollton,0
2014-10-16,McDonald County,1,Carthage,2
2014-10-16,Seneca,2,Cassville,0
2014-10-16,Savannah,2,Center,0
2014-10-16,Saxony Lutheran,2,Central (Cape Girardeau),0
2014-10-16,Ste. Genevieve,2,Central (Park Hills),1
2014-10-16,Linn,2,Chamois,0
2014-10-16,Oran,1,Charleston,2
2014-10-16,Kennett,2,Charleston,0
2014-10-16,Principia,1,Clayton,2
2014-10-16,Crane,2,Clever,1
2014-10-16,St. Paul Lutheran (Concordia),2,Concordia,1
2014-10-16,Lutheran South,0,Cor Jesu Academy,2
2014-10-16,Whitfield,2,Crystal City,0
2014-10-16,Jackson,1,DeSoto,2
2014-10-16,Lockwood,1,Diamond,2
2014-10-16,Clearwater,2,Doniphan,0
2014-10-16,Hogan Prep Academy Charter,0,Drexel,2
2014-10-16,Notre Dame (St. Louis),0,Duchesne,2
2014-10-16,Rock Port,2,East Buchanan,1
2014-10-16,Mt. Vernon,2,East Newton,1
2014-10-16,Centralia,2,Eugene,0
2014-10-16,Grain Valley,2,Excelsior Springs,0
2014-10-16,Verona,2,Exeter,0
2014-10-16,Forsyth,0,Fair Grove,2
2014-10-16,Ste. Genevieve,1,Farmington,2
2014-10-16,North County,2,Farmington,0
2014-10-16,North Callaway,0,Father Tolton,2
2014-10-16,Eureka,2,Francis Howell North,0
2014-10-16,Washington,2,Ft. Zumwalt South,0
2014-10-16,Ft. Zumwalt North,0,Ft. Zumwalt West,2
2014-10-16,Mexico,0,Fulton,2
2014-10-16,Niangua,0,Galena,2
2014-10-16,Raytown South,2,Grandview,0
2014-10-16,Oak Ridge,2,Grandview (Hillsboro),0
2014-10-16,South Iron,2,Greenville,3
2014-10-16,Hancock,0,Herculaneum,2
2014-10-16,Rock Bridge,2,Hickman,0
2014-10-16,Glendale,2,Hillcrest,0
2014-10-16,St. Clair,0,Hillsboro,2
2014-10-16,Winona,2,Hollister,1
2014-10-16,Rich Hill,2,Hume,0
2014-10-16,Billings,2,Hurley,0
2014-10-16,Thomas Jefferson Independent Day,0,Jasper,2
2014-10-16,West Plains,0,Kickapoo,2
2014-10-16,Tipton,1,La Monte,2
2014-10-16,Cameron,0,Lafayette (St. Joseph),2
2014-10-16,Archie,2,Lakeland,1
2014-10-16,Raymore-Peculiar,1,Lee's Summit West,2
2014-10-16,Notre Dame (Cape Girardeau),1,Leopold,2
2014-10-16,Lafayette County,2,Lexington,0
2014-10-16,Wright City,0,Liberty (Mountain View),2
2014-10-16,Willow Springs,0,Licking,2
2014-10-16,Southeast,0,Lincoln College Prep,2
2014-10-16,Kirkwood,1,Lindbergh,1
2014-10-16,Otterville,2,Malta Bend,0
2014-10-16,Spokane,0,Marionville,2
2014-10-16,Maplewood-Richmond Hts.,0,McCluer,2
2014-10-16,Ballard,0,Miami (Amoret),2
2014-10-16,Lamar,2,Monett,0
2014-10-16,Ursuline Academy,1,Nerinx Hall,2
2014-10-16,O'Hara,2,Nevada,0
2014-10-16,Logan-Rogersville,2,Nixa,0
2014-10-16,St. James,2,Nodaway-Holt,0
2014-10-16,Central (Park Hills),1,North County,2
2014-10-16,Harrisonville,0,Oak Grove,2
2014-10-16,Francis Howell Central,0,Oakville,2
2014-10-16,Pleasant Hill,2,Odessa,0
2014-10-16,Lutheran St. Charles,2,Orchard Farm,0
2014-10-16,Warsaw,0,Osage,2
2014-10-16,Stockton,0,Osceola,2
2014-10-16,Liberty,2,Park Hill,0
2014-10-16,St. Charles,0,Park Hill South,2
2014-10-16,Lebanon,2,Parkview,0
2014-10-16,Rockwood Summit,0,Parkway Central,2
2014-10-16,Dexter,2,Perryville,0
2014-10-16,Greenfield,0,Pierce City,2
2014-10-16,Belton,0,Platte County,2
2014-10-16,Gideon,1,Portageville,2
2014-10-16,North Kansas City,2,Raytown,0
2014-10-16,Buffalo,0,Republic,2
2014-10-16,Risco,1,Richland (Essex),1
2014-10-16,Camdenton,1,Rolla,2
2014-10-16,Cole Camp,2,Sacred Heart,1
2014-10-16,Bronaugh,0,Sarcoxie,2
2014-10-16,Adrian,2,Sherwood,0
2014-10-16,Central (New Madrid County),0,Sikeston,2
2014-10-16,Kennett,0,Sikeston,2
2014-10-16,Conway,0,Skyline,2
2014-10-16,Northwest (Hughesville),2,Smithton,0
2014-10-16,Lift for Life Academy Charter,0,Soldan International Studies,2
2014-10-16,Clarkton,2,Summersville,0
2014-10-16,Chadwick,0,Union,2
2014-10-16,Villa Duchesne,2,St. Joseph's Academy,1
2014-10-16,Incarnate Word Academy,0,St. Joseph's Academy,2
2014-10-16,Lee's Summit North,1,St. Teresa's Academy,2
2014-10-16,William Chrisman,0,Staley,2
2014-10-16,Holt,2,Timberland,0
2014-10-16,Senath-Hornersville,1,St. Clair,1
2014-10-16,Cristo Rey,2,University Academy Charter,0
2014-10-16,Battle,1,Warrensburg,2
2014-10-16,Veritas Christian Academy,0,Warrenton,2
2014-10-16,Joplin,0,Waynesville,2
2014-10-16,Lutheran (Kansas City),2,Wellington-Napoleon,0
2014-10-16,Marshfield,0,Willard,2
2014-10-16,Green Ridge,2,Windsor,0
2014-10-16,Barat Academy,0,Winfield,2
2014-10-16,Kearney,1,Winnetonka,2
2014-10-16,Montgomery County,1,Wright City,1
2014-10-17,Woodland,0,Advance,2
2014-10-17,Campbell,0,Bernie,2
2014-10-17,Purdy,2,Exeter,0
2014-10-17,Valley Park,1,Hancock,2
2014-10-17,Battle,0,Holt,2
2014-10-17,University City,0,John Burroughs,2
2014-10-17,Notre Dame (St. Louis),1,Lutheran North,1
2014-10-17,Pembroke Hill,2,Lutheran North,0
2014-10-17,McCluer,2,Maplewood-Richmond Hts.,0
2014-10-17,Whitfield,0,MICDS,2
2014-10-17,Principia,0,MICDS,2
2014-10-17,Ballard,0,Northeast Vernon County,2
2014-10-17,Pembroke Hill,1,Notre Dame (St. Louis),1
2014-10-17,Hazelwood East,0,Parkway North,2
2014-10-17,Whitfield,2,Principia,0
2014-10-17,Delta (Deering),1,Risco,2
2014-10-17,Seckman,1,Rockwood Summit,2
2014-10-17,Everton,2,School of the Ozarks,1
2014-10-17,Sweet Springs,1,Senath-Hornersville,0
2014-10-17,Niangua,0,Skyline,2
2014-10-17,Pattonville,2,St. Charles,0
2014-10-17,Belle,0,Warsaw,2
2014-10-17,New Heights Christian,2,Wheaton,0
2014-10-17,Whitfield,0,Windsor (Imperial),2
2014-10-17,MICDS,2,Windsor (Imperial),0
2014-10-17,Principia,0,Windsor (Imperial),2
2014-10-18,Wentworth Military Academy,2,Calhoun,0
2014-10-18,Lincoln College Prep,2,Central (Kansas City),0
2014-10-18,Kingsville,2,Chilhowee,0
2014-10-18,La Monte,2,Kingsville,0
2014-10-18,Wentworth Military Academy,0,La Monte,2
2014-10-18,Whitfield,2,Lutheran North,0
2014-10-18,Principia,2,Lutheran North,0
2014-10-18,Pembroke Hill,1,MICDS,2
2014-10-18,Principia,0,Notre Dame (St. Louis),2
2014-10-18,Whitfield,2,Notre Dame (St. Louis),0
2014-10-18,Villa Duchesne,1,St. Joseph's Academy,2
2014-10-18,Pembroke Hill,0,Windsor,2
2014-10-18,Pembroke Hill,0,Windsor (Imperial),2
2014-10-20,Gideon,2,Delta (Deering),0
2014-10-20,Clarkton,2,Holcomb,1
2014-10-20,North Pemiscot,1,Delta (Deering),2
2014-10-20,Clarkton,2,Cooter,0
2014-10-20,Holcomb,2,Sweet Springs,0
2014-10-20,Bernie,2,Oran,0
2014-10-20,Advance,2,Bell City,0
2014-10-20,Oran,2,Richland (Essex),0
2014-10-20,Advance,2,Risco,0
2014-10-20,Campbell,0,Bell City,2
2014-10-20,Meadow Heights,2,Zalma,0
2014-10-20,St. Vincent,2,Marquand-Zion,0
2014-10-20,Greenville,2,Oak Ridge,1
2014-10-20,Crystal City,2,Valley,1
2014-10-20,Kingston,2,McKinley Classical Leadership,0
2014-10-20,Crossroads College Preparatory,2,St. Paul Lutheran (Farmington),0
2014-10-20,Wright City,2,South Iron,0
2014-10-20,Viburnum,2,Ellington,0
2014-10-20,Lesterville,2,Bunker,1
2014-10-20,Thayer,2,Bradleyville,0
2014-10-20,Fordland,1,Koshkonong,0
2014-10-20,Niangua,2,Chadwick,0
2014-10-20,Hurley,2,Exeter,0
2014-10-20,School of the Ozarks,2,Galena,0
2014-10-20,Purdy,2,Wheaton,0
2014-10-20,Miller,2,Everton,0
2014-10-20,Greenfield,0,Verona,2
2014-10-20,Smithton,2,Otterville,0
2014-10-20,Chamois,2,Bunceton,0
2014-10-20,Northwest (Hughesville),2,Lincoln,0
2014-10-20,Sacred Heart,1,Calhoun,0
2014-10-20,Willard,2,La Monte,0
2014-10-20,McAuley Catholic,2,Bronaugh,0
2014-10-20,Jasper,2,Sheldon,0
2014-10-20,Golden City,2,Thomas Jefferson Independent Day,0
2014-10-20,Lakeland,2,Hume,0
2014-10-20,Rich Hill,2,Northeast Vernon County,0
2014-10-20,Lone Jack,2,Miami (Amoret),0
2014-10-20,Drexel,2,Chilhowee,0
2014-10-20,Archie,2,Kingsville,0
2014-10-20,Crest Ridge,2,Sweet Springs,0
2014-10-20,Concordia,2,Wentworth Military Academy,0
2014-10-20,Wellington-Napoleon,2,Malta Bend,0
2014-10-20,Orrick,2,St. Joseph Christian,1
2014-10-20,Rock Port,2,Nodaway-Holt,0
2014-10-20,Summersville,2,Hayti,1
2014-10-20,Malden,2,Caruthersville,0
2014-10-20,Central (New Madrid County),2,Senath-Hornersville,0
2014-10-20,Bloomfield,2,Puxico,0
2014-10-20,Woodland,0,Saxony Lutheran,2
2014-10-20,Puxico,2,Seneca,0
2014-10-20,Woodland,2,Charleston,0
2014-10-20,Saxony Lutheran,2,St. Clair,0
2014-10-20,Clearwater,2,Herculaneum,1
2014-10-20,Arcadia Valley,2,Grandview (Hillsboro),0
2014-10-20,Jefferson (Festus),2,West County,0
2014-10-20,Hancock,0,Valley Park,2
2014-10-20,Principia,2,Cleveland NJROTC,0
2014-10-20,Maplewood-Richmond Hts.,2,Carnahan,0
2014-10-20,Trinity Catholic,2,Lutheran North,0
2014-10-20,Trinity Catholic,2,Cardinal Ritter,0
2014-10-20,Lutheran North,2,Metro,0
2014-10-20,Cardinal Ritter,2,Transportation and Law,0
2014-10-20,Metro,2,College Preparatory,0
2014-10-20,Barat Academy,2,Wright City,1
2014-10-20,Hermann,2,Bowling Green,0
2014-10-20,Whitfield,2,Montgomery County,0
2014-10-20,Sarcoxie,2,North Callaway,0
2014-10-20,Father Tolton,2,Tipton,0
2014-10-20,Eugene,2,Hallsville,0
2014-10-20,Belle,2,Dixon,0
2014-10-20,Cuba,2,Bourbon,0
2014-10-20,Ava,1,Willow Springs,2
2014-10-20,Licking,2,Plato,0
2014-10-20,Cabool,2,Houston,0
2014-10-20,Stockton,2,Ash Grove,1
2014-10-20,Fair Grove,2,Pleasant Hope,0
2014-10-20,Skyline,2,Conway,1
2014-10-20,Southwest (Washburn),2,Forsyth,1
2014-10-20,Clever,2,Blue Eye,1
2014-10-20,Marionville,2,Spokane,1
2014-10-20,Pierce City,2,Lamar,0
2014-10-20,Diamond,2,Sarcoxie,0
2014-10-20,Knob Noster,2,Windsor,0
2014-10-20,Adrian,2,Butler,0
2014-10-20,Holden,2,Sherwood,0
2014-10-20,Lexington,2,Trenton,0
2014-10-20,Carrollton,2,Brookfield,0
2014-10-20,University Academy Charter,2,Southwest Early College,0
2014-10-20,Barstow,2,Southeast,0
2014-10-20,East Buchanan,2,Plattsburg,0
2014-10-20,Lathrop,2,Penney,0
2014-10-20,Dexter,2,Fredericktown,0
2014-10-20,Perryville,2,Notre Dame (Cape Girardeau),0
2014-10-20,Kennett,0,Fredericktown,2
2014-10-20,Notre Dame (Cape Girardeau),2,Doniphan,0
2014-10-20,North County,2,DeSoto,1
2014-10-20,St. Pius X (Festus),2,Festus,0
2014-10-20,Ste. Genevieve,2,Potosi,0
2014-10-20,Affton,2,Bayless,0
2014-10-20,Bishop DuBourg,2,Roosevelt,0
2014-10-20,Windsor (Imperial),2,Notre Dame (St. Louis),1
2014-10-20,St. Charles West,2,Veritas Christian Academy,0
2014-10-20,Warrenton,2,Liberty (Wentzville),0
2014-10-20,Tarkio,0,St. Clair,2
2014-10-20,Webb City,2,Salem,0
2014-10-20,Owensville,2,St. James,1
2014-10-20,Mountain Grove,2,Springfield Catholic,0
2014-10-20,Buffalo,2,Bolivar,0
2014-10-20,Mt. Vernon,2,Marshfield,0
2014-10-20,Hollister,2,Reeds Spring,1
2014-10-20,East Newton,2,Cassville,0
2014-10-20,Seneca,2,Monett,0
2014-10-20,Warrensburg,2,Harrisonville,0
2014-10-20,O'Hara,2,Warsaw,0
2014-10-20,Nevada,2,Clinton,0
2014-10-20,Versailles,0,Eldon,2
2014-10-20,Blair Oaks,2,Osage,0
2014-10-20,Centralia,2,Fulton,1
2014-10-20,Marshall,2,Mexico,0
2014-10-20,Southern Boone,2,Kirksville,0
2014-10-20,Excelsior Springs,2,Versailles,0
2014-10-20,Odessa,2,Richmond,0
2014-10-20,Oak Grove,2,Northeast (Kansas City),0
2014-10-20,Lincoln College Prep,2,East (Kansas City),0
2014-10-20,Center,2,Central (Kansas City),0
2014-10-20,Cristo Rey,2,Hogan Prep Academy Charter,0
2014-10-20,Benton,0,Lafayette (St. Joseph),2
2014-10-20,Maryville,2,Chillicothe,0
2014-10-20,Sparta,2,Cameron,0
2014-10-20,Farmington,2,Hillsboro,0
2014-10-20,Jackson,0,Poplar Bluff,2
2014-10-20,Hillsboro,2,Central (Cape Girardeau),0
2014-10-20,Poplar Bluff,2,Sikeston,0
2014-10-20,Mehlville,2,Fox,0
2014-10-20,Oakville,2,Seckman,0
2014-10-20,Eureka,2,Pacific,0
2014-10-20,Northwest (Cedar Hill),2,Parkway South,0
2014-10-20,Washington,2,Rockwood Summit,0
2014-10-20,Ursuline Academy,2,Springfield Catholic,0
2014-10-20,Webster Groves,2,Gateway,0
2014-10-20,McCluer,2,Hazelwood East,1
2014-10-20,Hazelwood Central,2,Riverview Gardens,0
2014-10-20,Holt,2,Timberland,1
2014-10-20,Francis Howell Central,2,Ft. Zumwalt South,0
2014-10-20,Ft. Zumwalt West,2,Ft. Zumwalt North,0
2014-10-20,Troy Buchanan,0,Hannibal,2
2014-10-20,Rock Bridge,2,Battle,0
2014-10-20,Jefferson City,2,Hickman,0
2014-10-20,Camdenton,0,Central (Springfield),2
2014-10-20,Waynesville,2,Hillcrest,0
2014-10-20,Lebanon,2,Rolla,0
2014-10-20,Kickapoo,2,Branson,0
2014-10-20,Nixa,2,Parkview,0
2014-10-20,Glendale,2,West Plains,0
2014-10-20,Joplin,2,McDonald County,0
2014-10-20,Carthage,2,Webb City,0
2014-10-20,Republic,2,Neosho,0
2014-10-20,Notre Dame de Sion,2,Belton,1
2014-10-20,Lee's Summit,2,Ruskin,0
2014-10-20,Blue Springs South,2,Grain Valley,0
2014-10-20,Blue Springs,2,Raytown South,0
2014-10-20,St. Charles,2,Raytown,0
2014-10-20,William Chrisman,1,North Kansas City,2
2014-10-20,Park Hill South,2,Fort Osage,0
2014-10-20,St. Teresa's Academy,2,Winnetonka,0
2014-10-20,Kearney,0,Park Hill,2
2014-10-20,Oak Park,2,Liberty North,0
2014-10-20,Staley,2,Central (St. Joseph),0
2014-10-21,Gideon,1,Clarkton,2
2014-10-21,Bernie,2,Advance,0
2014-10-21,Leopold,1,St. Vincent,2
2014-10-21,Leopold,2,Meadow Heights,0
2014-10-21,St. Vincent,2,Greenville,0
2014-10-21,Bismarck,2,Kingston,0
2014-10-21,Bismarck,2,Crystal City,0
2014-10-21,Kingston,2,Crossroads College Preparatory,0
2014-10-21,Eminence,2,Viburnum,0
2014-10-21,Eminence,2,Wright City,1
2014-10-21,Viburnum,2,Lesterville,0
2014-10-21,Winona,2,Fordland,0
2014-10-21,Winona,2,Thayer,0
2014-10-21,Fordland,2,Niangua,0
2014-10-21,Union,2,School of the Ozarks,0
2014-10-21,Union,2,Hurley,0
2014-10-21,School of the Ozarks,2,Purdy,0
2014-10-21,Lockwood,1,Billings,2
2014-10-21,Lockwood,2,Miller,0
2014-10-21,Billings,2,Verona,0
2014-10-21,New Haven,2,Smithton,0
2014-10-21,Calvary Lutheran,2,Chamois,0
2014-10-21,Green Ridge,2,Willard,1
2014-10-21,Green Ridge,2,Northwest (Hughesville),0
2014-10-21,Sacred Heart,0,Willard,2
2014-10-21,Liberal,2,Jasper,0
2014-10-21,Liberal,2,McAuley Catholic,0
2014-10-21,Jasper,2,Golden City,0
2014-10-21,Osceola,2,Lakeland,0
2014-10-21,Lutheran (Kansas City),2,Orrick,1
2014-10-21,North Platte,2,West Platte,1
2014-10-21,Portageville,2,Central (New Madrid County),0
2014-10-21,Portageville,2,Summersville,0
2014-10-21,Malden,1,Central (New Madrid County),2
2014-10-21,Bloomfield,2,Saxony Lutheran,1
2014-10-21,Brentwood,2,Valley Park,0
2014-10-21,Principia,2,Maplewood-Richmond Hts.,0
2014-10-21,Lutheran St. Charles,2,Whitfield,0
2014-10-21,Lutheran St. Charles,2,Barat Academy,0
2014-10-21,Hermann,1,Whitfield,2
2014-10-21,Fatima,2,Father Tolton,0
2014-10-21,Fatima,2,Sarcoxie,0
2014-10-21,Father Tolton,2,Eugene,0
2014-10-21,Warsaw,2,Belle,0
2014-10-21,Linn,0,Belle,2
2014-10-21,Warsaw,2,Cuba,1
2014-10-21,Liberty (Mountain View),2,Licking,0
2014-10-21,Liberty (Mountain View),2,Willow Springs,0
2014-10-21,Licking,2,Cabool,1
2014-10-21,Winona,2,Fair Grove,1
2014-10-21,Winona,2,Stockton,0
2014-10-21,Fair Grove,2,Skyline,0
2014-10-21,Crane,1,Clever,2
2014-10-21,Crane,2,Southwest (Washburn),0
2014-10-21,Clever,2,Marionville,1
2014-10-21,El Dorado Springs,2,New Heights Christian,0
2014-10-21,El Dorado Springs,2,Pierce City,0
2014-10-21,New Heights Christian,2,Diamond,1
2014-10-21,Cole Camp,2,Knob Noster,0
2014-10-21,Adrian,2,Holden,1
2014-10-21,Summit Christian Academy,2,Lawson,0
2014-10-21,Summit Christian Academy,2,University Academy Charter,0
2014-10-21,Lawson,2,Barstow,1
2014-10-21,Bishop LeBlond,2,East Buchanan,0
2014-10-21,Mid-Buchanan,2,Lathrop,0
2014-10-21,St. Pius X (Festus),2,North County,0
2014-10-21,Central (Park Hills),0,North County,2
2014-10-21,St. Pius X (Festus),2,Ste. Genevieve,0
2014-10-21,Normandy Collaborative,2,West Plains,0
2014-10-21,Waynesville,2,Lift for Life Academy Charter,0
2014-10-21,Clayton,0,John F. Kennedy,2
2014-10-21,John Burroughs,2,University City,0
2014-10-21,McCluer South-Berkeley,1,North Technical,2
2014-10-21,Orchard Farm,2,Jennings,0
2014-10-21,St. Dominic,2,Winfield,0
2014-10-21,St. Dominic,2,St. Charles West,0
2014-10-21,Winfield,2,Warrenton,0
2014-10-21,St. Joseph's Academy,2,Webb City,0
2014-10-21,St. Joseph's Academy,2,St. Clair,0
2014-10-21,Webb City,2,Owensville,1
2014-10-21,Logan-Rogersville,2,Buffalo,0
2014-10-21,Logan-Rogersville,2,Mountain Grove,0
2014-10-21,Buffalo,2,Mt. Vernon,1
2014-10-21,Aurora,2,East Newton,0
2014-10-21,Aurora,2,Hollister,0
2014-10-21,East Newton,2,Seneca,0
2014-10-21,Helias Catholic,2,Blair Oaks,0
2014-10-21,Helias Catholic,2,Eldon,0
2014-10-21,California,0,Blair Oaks,2
2014-10-21,Boonville,2,Centralia,0
2014-10-21,Marshall,2,Southern Boone,0
2014-10-21,Pembroke Hill,2,Lincoln College Prep,0
2014-10-21,Center,2,Cristo Rey,0
2014-10-21,Savannah,2,Lafayette (St. Joseph),0
2014-10-21,Maryville,0,Sparta,2
2014-10-21,Lafayette (Wildwood),2,Northwest (Cedar Hill),0
2014-10-21,Lafayette (Wildwood),2,Eureka,1
2014-10-21,Northwest (Cedar Hill),2,Washington,0
2014-10-21,Nerinx Hall,1,Ursuline Academy,2
2014-10-21,Kirkwood,2,Webster Groves,0
2014-10-21,Parkway North,2,Pattonville,1
2014-10-21,Ft. Zumwalt East,2,Ritenour,1
2014-10-21,Westminster Christian Academy,1,Ladue Horton Watkins,2
2014-10-21,Parkway West,2,Visitation Academy,0
2014-10-21,Marquette,2,Parkway Central,1
2014-10-21,Francis Howell,2,Holt,0
2014-10-21,Francis Howell Central,1,Ft. Zumwalt West,2
2014-10-21,Willard,2,Waynesville,0
2014-10-21,Willard,2,Central (Springfield),0
2014-10-21,Waynesville,2,Lebanon,0
2014-10-21,Ozark,2,Kickapoo,0
2014-10-21,Nixa,0,Glendale,2
2014-10-21,Lee's Summit North,2,Blue Springs South,0
2014-10-21,Blue Springs,2,St. Charles,0
2014-10-21,Liberty,2,North Kansas City,0
2014-10-21,Park Hill South,2,St. Teresa's Academy,1
2014-10-22,Midway,2,Drexel,0
2014-10-22,Midway,2,Lone Jack,0
2014-10-22,Drexel,2,Archie,0
2014-10-22,Santa Fe,2,Concordia,0
2014-10-22,Santa Fe,2,Crest Ridge,0
2014-10-22,Concordia,2,Wellington-Napoleon,0
2014-10-22,Lutheran (Kansas City),2,North Platte,0
2014-10-22,St. James,0,Rock Port,2
2014-10-22,Valle Catholic,0,Jefferson (Festus),2
2014-10-22,Valle Catholic,2,Clearwater,0
2014-10-22,Arcadia Valley,1,Jefferson (Festus),2
2014-10-22,Brentwood,0,Principia,2
2014-10-22,Cole Camp,2,Adrian,1
2014-10-22,St. Paul Lutheran (Concordia),2,Lafayette County,0
2014-10-22,St. Paul Lutheran (Concordia),2,Lexington,0
2014-10-22,Lafayette County,2,Carrollton,0
2014-10-22,Bishop LeBlond,2,Mid-Buchanan,1
2014-10-22,Dexter,2,Perryville,1
2014-10-22,Miller Career Academy,2,Soldan International Studies,0
2014-10-22,Miller Career Academy,2,Normandy Collaborative,0
2014-10-22,Soldan International Studies,2,Waynesville,0
2014-10-22,Villa Duchesne,2,John F. Kennedy,0
2014-10-22,MICDS,2,John Burroughs,0
2014-10-22,Pleasant Hill,2,O'Hara,0
2014-10-22,Pleasant Hill,2,Warrensburg,0
2014-10-22,O'Hara,2,Nevada,1
2014-10-22,Boonville,2,Marshall,0
2014-10-22,St. Pius X (Kansas City),2,Odessa,0
2014-10-22,St. Pius X (Kansas City),2,Excelsior Springs,0
2014-10-22,Odessa,2,Oak Grove,1
2014-10-22,Pembroke Hill,2,Center,0
2014-10-22,Savannah,2,Sparta,0
2014-10-22,Farmington,2,Poplar Bluff,0
2014-10-22,Cor Jesu Academy,2,Oakville,0
2014-10-22,Cor Jesu Academy,2,Mehlville,0
2014-10-22,Lindbergh,1,Oakville,2
2014-10-22,Kirkwood,2,Ursuline Academy,0
2014-10-22,McCluer North,2,Hazelwood Central,0
2014-10-22,McCluer North,2,McCluer,0
2014-10-22,Hazelwood West,0,Hazelwood Central,2
2014-10-22,Incarnate Word Academy,2,Francis Howell North,0
2014-10-22,Incarnate Word Academy,2,Parkway North,0
2014-10-22,Francis Howell North,2,Ft. Zumwalt East,0
2014-10-22,St. Joseph's Academy,2,Parkway West,0
2014-10-22,St. Joseph's Academy,2,Ladue Horton Watkins,0
2014-10-22,Parkway West,2,Marquette,0
2014-10-22,Francis Howell,2,Ft. Zumwalt West,0
2014-10-22,Savannah,1,Rock Bridge,2
2014-10-22,Savannah,2,Hannibal,0
2014-10-22,Rock Bridge,2,Jefferson City,0
2014-10-22,Ozark,2,Glendale,0
2014-10-22,Carl Junction,2,Republic,0
2014-10-22,Carl Junction,2,Joplin,0
2014-10-22,Carthage,1,Republic,2
2014-10-22,Raymore-Peculiar,2,Grandview,0
2014-10-22,Lee's Summit North,1,Blue Springs,2
2014-10-22,Liberty,2,Park Hill South,0
2014-10-22,Platte County,2,Oak Park,1
2014-10-22,Platte County,2,Park Hill,0
2014-10-22,Oak Park,2,Staley,0
2014-10-22,Arcadia Valley,2,Potosi,0
2014-10-23,New Haven,2,Calvary Lutheran,0
2014-10-23,Lutheran South,1,Bishop DuBourg,2
2014-10-23,Lutheran South,2,Affton,0
2014-10-23,Bishop DuBourg,2,Windsor (Imperial),0
2014-10-23,Villa Duchesne,2,MICDS,0
2014-10-23,Duchesne,2,Orchard Farm,0
2014-10-23,Duchesne,2,North Technical,0
2014-10-23,St. Charles,0,Orchard Farm,2
2014-10-23,Lee's Summit West,2,Lee's Summit,0
2014-10-23,Lee's Summit West,2,Notre Dame de Sion,0
2014-10-23,Lee's Summit,2,Raymore-Peculiar,0
2014-10-25,Bernie,0,St. Vincent,2
2014-10-25,Winona,2,Eminence,0
2014-10-25,Green Ridge,0,New Haven,2
2014-10-25,Santa Fe,2,Lutheran (Kansas City),0
2014-10-25,St. Vincent,2,Clarkton,0
2014-10-25,Bismarck,1,Bernie,2
2014-10-25,Union,1,Eminence,2
2014-10-25,Billings,0,Winona,2
2014-10-25,Liberal,0,New Haven,2
2014-10-25,Osceola,0,Green Ridge,2
2014-10-25,Lutheran (Kansas City),2,Midway,0
2014-10-25,Santa Fe,2,Rock Port,0
2014-10-25,Bloomfield,2,Jefferson (Festus),1
2014-10-25,Lutheran St. Charles,1,Fatima,2
2014-10-25,Winona,1,Liberty (Mountain View),2
2014-10-25,St. Paul Lutheran (Concordia),2,Cole Camp,1
2014-10-25,Jefferson (Festus),2,Portageville,0
2014-10-25,Principia,0,Bloomfield,2
2014-10-25,Fatima,2,Trinity Catholic,0
2014-10-25,Warsaw,1,Lutheran St. Charles,2
2014-10-25,Clever,0,Liberty (Mountain View),2
2014-10-25,El Dorado Springs,0,Winona,2
2014-10-25,Summit Christian Academy,1,Cole Camp,2
2014-10-25,Bishop LeBlond,0,St. Paul Lutheran (Concordia),2
2014-10-25,St. Pius X (Festus),2,Bishop DuBourg,1
2014-10-25,St. Joseph's Academy,0,Villa Duchesne,2
2014-10-25,Helias Catholic,2,Logan-Rogersville,0
2014-10-25,St. Pius X (Kansas City),2,Boonville,0
2014-10-25,Bishop DuBourg,2,Dexter,1
2014-10-25,Miller Career Academy,0,St. Pius X (Festus),2
2014-10-25,St. Dominic,0,Villa Duchesne,2
2014-10-25,St. Joseph's Academy,2,Duchesne,0
2014-10-25,Pleasant Hill,0,Logan-Rogersville,2
2014-10-25,Helias Catholic,2,Aurora,0
2014-10-25,Pembroke Hill,0,Boonville,2
2014-10-25,Savannah,0,St. Pius X (Kansas City),2
2014-10-25,Cor Jesu Academy,1,Lafayette (Wildwood),2
2014-10-25,Francis Howell,0,St. Joseph's Academy,2
2014-10-25,Carl Junction,0,Ozark,2
2014-10-25,Platte County,0,Liberty,2
2014-10-25,Lafayette (Wildwood),2,Farmington,0
2014-10-25,Kirkwood,0,Cor Jesu Academy,2
2014-10-25,St. Joseph's Academy,2,McCluer North,0
2014-10-25,Francis Howell,2,Incarnate Word Academy,1
2014-10-25,Ozark,2,Rock Bridge,0
2014-10-25,Carl Junction,2,Willard,0
2014-10-25,Liberty,2,Lee's Summit West,1
2014-10-25,Platte County,2,Blue Springs,1
2014-10-25,Neosho,2,Webb City,1
2014-10-25,Helias Catholic,2,Webb City,0
2014-10-25,Lebanon,2,Webb City,0
2014-10-25,Diamond,0,Webb City,2
2014-10-29,Bishop DuBourg,0,Oakville,2
2014-11-01,St. Vincent,1,Winona,2
2014-11-01,Santa Fe,2,New Haven,1
2014-11-01,Fatima,1,Liberty (Mountain View),2
2014-11-01,Bloomfield,0,St. Paul Lutheran (Concordia),2
2014-11-01,Villa Duchesne,1,Helias Catholic,2
2014-11-01,St. Pius X (Kansas City),0,St. Pius X (Festus),2
2014-11-01,St. Joseph's Academy,0,Lafayette (Wildwood),2
2014-11-01,Liberty,1,Ozark,2
